日期,医生等级,每日病例量,每日总费用,每日费用病例比,该等级医生数量,工作日/周末
2025-01-01,中级,17.5,7860.0,449.14,2,工作日
2025-01-01,初级,6.5,3330.0,512.31,2,工作日
2025-01-01,高级,21.5,11616.0,540.28,2,工作日
2025-01-02,中级,16.5,8860.0,536.97,2,工作日
2025-01-02,初级,6.0,2930.0,488.33,3,工作日
2025-01-02,高级,14.33,6994.0,487.95,3,工作日
2025-01-03,中级,10.75,5160.5,480.05,4,工作日
2025-01-03,初级,5.0,2340.0,468.0,2,工作日
2025-01-03,高级,14.5,7982.4,550.51,2,工作日
2025-01-04,中级,15.0,7345.0,489.67,2,周末
2025-01-04,初级,10.0,6850.0,685.0,1,周末
2025-01-04,高级,15.5,8574.0,553.16,4,周末
2025-01-05,中级,15.0,7530.0,502.0,1,周末
2025-01-05,高级,17.8,9328.6,524.08,5,周末
2025-01-06,中级,16.5,7400.0,448.48,2,工作日
2025-01-06,初级,4.0,2023.33,505.83,3,工作日
2025-01-06,高级,11.0,5416.0,492.36,3,工作日
2025-01-07,中级,9.75,4615.0,473.33,4,工作日
2025-01-07,初级,4.5,1985.0,441.11,2,工作日
2025-01-07,高级,17.5,7357.4,420.42,2,工作日
2025-01-08,中级,12.67,6051.33,477.74,3,工作日
2025-01-08,初级,5.0,2546.0,509.2,3,工作日
2025-01-08,高级,15.0,7789.0,519.27,2,工作日
2025-01-09,中级,15.67,8816.0,562.72,3,工作日
2025-01-09,初级,6.67,3766.0,564.9,3,工作日
2025-01-09,高级,27.0,13732.0,508.59,2,工作日
2025-01-10,中级,12.67,7096.67,560.26,3,工作日
2025-01-10,初级,7.0,4320.0,617.14,2,工作日
2025-01-10,高级,8.33,4958.33,595.0,3,工作日
2025-01-11,中级,17.5,10523.0,601.31,2,周末
2025-01-11,初级,4.5,2100.0,466.67,2,周末
2025-01-11,高级,20.0,10242.5,512.12,4,周末
2025-01-12,中级,17.5,9694.0,553.94,2,周末
2025-01-12,初级,4.0,2600.0,650.0,1,周末
2025-01-12,高级,19.5,10047.5,515.26,4,周末
2025-01-13,中级,11.75,5826.5,495.87,4,工作日
2025-01-13,初级,2.0,1210.0,605.0,1,工作日
2025-01-13,高级,13.0,6383.0,491.0,2,工作日
2025-01-14,中级,11.25,5474.0,486.58,4,工作日
2025-01-14,初级,6.0,3020.0,503.33,4,工作日
2025-01-14,高级,12.33,5868.0,475.78,3,工作日
2025-01-15,中级,9.4,4206.0,447.45,5,工作日
2025-01-15,初级,6.33,3293.33,520.0,3,工作日
2025-01-15,高级,15.0,7779.6,518.64,3,工作日
2025-01-16,中级,12.33,5580.0,452.43,3,工作日
2025-01-16,初级,7.5,3407.5,454.33,4,工作日
2025-01-16,高级,13.5,6610.0,489.63,2,工作日
2025-01-17,中级,14.0,7159.0,511.36,2,工作日
2025-01-17,初级,9.0,4020.0,446.67,2,工作日
2025-01-17,高级,7.75,3697.0,477.03,4,工作日
2025-01-18,中级,17.0,9413.0,553.71,2,周末
2025-01-18,初级,9.0,3540.0,393.33,1,周末
2025-01-18,高级,16.67,7848.67,470.92,3,周末
2025-01-19,中级,12.5,6267.0,501.36,4,周末
2025-01-19,高级,12.0,6269.0,522.42,4,周末
2025-01-20,中级,12.0,5959.5,496.62,4,工作日
2025-01-20,初级,6.75,3242.0,480.3,4,工作日
2025-01-20,高级,15.0,7323.0,488.2,2,工作日
2025-01-21,中级,16.0,8466.67,529.17,3,工作日
2025-01-21,初级,7.5,3760.0,501.33,2,工作日
2025-01-21,高级,10.0,4967.33,496.73,3,工作日
2025-01-22,中级,8.75,5302.25,605.97,4,工作日
2025-01-22,初级,6.67,3513.33,527.0,3,工作日
2025-01-22,高级,12.5,6134.0,490.72,2,工作日
2025-01-23,中级,10.0,3918.5,391.85,4,工作日
2025-01-23,初级,7.33,3690.0,503.18,3,工作日
2025-01-23,高级,8.67,4044.0,466.62,3,工作日
2025-01-24,中级,12.67,5513.33,435.26,3,工作日
2025-01-24,初级,6.0,2250.0,375.0,1,工作日
2025-01-24,高级,8.0,3218.0,402.25,3,工作日
2025-01-25,中级,17.5,8331.0,476.06,2,周末
2025-01-25,高级,13.25,6781.0,511.77,4,周末
2025-01-26,中级,8.5,3740.0,440.0,2,周末
2025-01-26,高级,15.5,6952.2,448.53,4,周末
2025-01-27,中级,10.0,4856.0,485.6,1,工作日
2025-01-27,高级,11.0,5453.33,495.76,3,工作日
2025-02-05,中级,13.75,6741.5,490.29,4,工作日
2025-02-05,高级,17.5,9494.0,542.51,2,工作日
2025-02-06,中级,16.67,9542.67,572.56,3,工作日
2025-02-06,初级,3.0,1800.0,600.0,1,工作日
2025-02-06,高级,7.0,3921.5,560.21,4,工作日
2025-02-07,中级,19.0,9498.27,499.91,3,工作日
2025-02-07,初级,9.0,4830.0,536.67,1,工作日
2025-02-07,高级,18.5,9525.0,514.86,2,工作日
2025-02-08,中级,13.0,6702.67,515.59,3,周末
2025-02-08,初级,7.0,2990.0,427.14,1,周末
2025-02-08,高级,13.0,6109.33,469.95,3,周末
2025-02-09,中级,12.0,6473.33,539.44,3,周末
2025-02-09,初级,5.5,2535.0,460.91,2,周末
2025-02-09,高级,15.4,8220.0,533.77,5,周末
2025-02-10,中级,13.0,6014.5,462.65,4,工作日
2025-02-10,初级,10.0,4560.0,456.0,1,工作日
2025-02-10,高级,11.33,4876.33,430.26,3,工作日
2025-02-11,中级,14.67,7679.33,523.59,3,工作日
2025-02-11,初级,6.0,2995.0,499.17,2,工作日
2025-02-11,高级,11.67,5066.67,434.29,3,工作日
2025-02-12,中级,13.5,7000.0,518.52,4,工作日
2025-02-12,初级,6.5,3570.0,549.23,2,工作日
2025-02-12,高级,18.5,9676.0,523.03,2,工作日
2025-02-13,中级,23.5,10143.75,431.65,2,工作日
2025-02-13,初级,9.5,4370.0,460.0,2,工作日
2025-02-13,高级,20.5,10684.0,521.17,2,工作日
2025-02-14,中级,11.75,6222.0,529.53,4,工作日
2025-02-14,初级,8.0,4210.0,526.25,1,工作日
2025-02-14,高级,10.0,4572.67,457.27,3,工作日
2025-02-15,中级,17.0,9473.33,557.25,3,周末
2025-02-15,初级,11.0,5525.0,502.27,2,周末
2025-02-15,高级,20.0,9881.33,494.07,3,周末
2025-02-16,中级,16.5,8475.0,513.64,2,周末
2025-02-16,高级,20.5,11204.0,546.54,4,周末
2025-02-17,中级,14.5,8046.5,554.93,4,工作日
2025-02-17,初级,12.0,6490.0,540.83,1,工作日
2025-02-17,高级,14.0,6993.33,499.52,3,工作日
2025-02-18,中级,19.5,9329.0,478.41,2,工作日
2025-02-18,初级,9.0,4840.0,537.78,3,工作日
2025-02-18,高级,14.67,7939.33,541.32,3,工作日
2025-02-19,中级,15.0,9210.0,614.0,2,工作日
2025-02-19,初级,10.0,4480.0,448.0,2,工作日
2025-02-19,高级,15.5,7534.0,486.06,2,工作日
2025-02-20,中级,16.33,8584.33,525.57,3,工作日
2025-02-20,高级,8.33,4398.33,527.8,3,工作日
2025-02-21,中级,14.67,7085.0,483.07,3,工作日
2025-02-21,初级,8.33,3936.0,472.32,3,工作日
2025-02-21,高级,16.5,8409.0,509.64,2,工作日
2025-02-22,中级,18.5,10110.0,546.49,2,周末
2025-02-22,初级,9.0,5650.0,627.78,1,周末
2025-02-22,高级,14.2,7764.0,546.76,5,周末
2025-02-23,中级,12.67,6233.33,492.11,3,周末
2025-02-23,初级,8.0,4475.0,559.38,2,周末
2025-02-23,高级,19.0,9705.0,510.79,4,周末
2025-02-24,中级,14.5,6993.0,482.28,2,工作日
2025-02-24,初级,6.0,2740.0,456.67,2,工作日
2025-02-24,高级,12.0,5632.33,469.36,3,工作日
2025-02-25,中级,10.75,5010.0,466.05,4,工作日
2025-02-25,初级,8.33,3863.33,463.6,3,工作日
2025-02-25,高级,12.5,5990.0,479.2,2,工作日
2025-02-26,中级,11.75,5860.0,498.72,4,工作日
2025-02-26,初级,8.5,5645.0,664.12,2,工作日
2025-02-26,高级,12.5,6804.0,544.32,2,工作日
2025-02-27,中级,15.0,8775.0,585.0,2,工作日
2025-02-27,初级,10.5,5625.0,535.71,4,工作日
2025-02-27,高级,17.5,8643.0,493.89,2,工作日
2025-02-28,中级,14.67,7612.0,519.0,3,工作日
2025-02-28,初级,6.5,2865.0,440.77,2,工作日
2025-02-28,高级,16.5,8063.0,488.67,2,工作日
2025-03-01,中级,20.0,10956.0,547.8,1,周末
2025-03-01,高级,14.5,6896.33,475.61,6,周末
2025-03-02,中级,17.0,8573.33,504.31,3,周末
2025-03-02,初级,7.5,3715.0,495.33,2,周末
2025-03-02,高级,14.2,7100.0,500.0,5,周末
2025-03-03,中级,18.0,11544.0,641.33,2,工作日
2025-03-03,初级,10.0,5160.0,516.0,2,工作日
2025-03-03,高级,11.0,5827.5,529.77,4,工作日
2025-03-04,中级,20.5,11135.0,543.17,2,工作日
2025-03-04,初级,8.8,4670.0,530.68,5,工作日
2025-03-04,高级,13.0,6976.0,536.62,3,工作日
2025-03-05,中级,20.0,9856.0,492.8,2,工作日
2025-03-05,初级,8.2,4280.0,521.95,5,工作日
2025-03-05,高级,17.5,8779.0,501.66,2,工作日
2025-03-06,中级,11.5,5816.0,505.74,4,工作日
2025-03-06,初级,7.67,4450.0,580.43,3,工作日
2025-03-06,高级,14.5,8298.0,572.28,2,工作日
2025-03-07,中级,11.75,5770.0,491.06,4,工作日
2025-03-07,初级,8.33,4303.33,516.4,3,工作日
2025-03-07,高级,16.5,7129.0,432.06,2,工作日
2025-03-08,中级,14.0,7639.0,545.64,2,周末
2025-03-08,高级,14.8,6921.6,467.68,5,周末
2025-03-09,中级,19.0,8725.0,459.21,2,周末
2025-03-09,初级,5.0,2460.0,492.0,2,周末
2025-03-09,高级,17.6,8302.0,471.7,5,周末
2025-03-10,中级,11.75,5762.5,490.43,4,工作日
2025-03-10,初级,6.67,3209.33,481.4,3,工作日
2025-03-10,高级,10.0,4064.0,406.4,3,工作日
2025-03-11,中级,15.0,7174.67,478.31,3,工作日
2025-03-11,初级,7.25,3962.5,546.55,4,工作日
2025-03-11,高级,12.0,6058.0,504.83,3,工作日
2025-03-12,初级,11.0,4855.0,441.36,2,工作日
2025-03-12,高级,21.5,10670.0,496.28,4,工作日
2025-03-13,中级,14.67,7832.0,534.0,3,工作日
2025-03-13,初级,10.0,4973.33,497.33,3,工作日
2025-03-13,高级,6.5,2995.0,460.77,4,工作日
2025-03-14,中级,17.5,9240.0,528.0,2,工作日
2025-03-14,初级,9.5,4360.0,458.95,2,工作日
2025-03-14,高级,17.5,8166.5,466.66,2,工作日
2025-03-15,中级,20.5,10005.0,488.05,2,周末
2025-03-15,初级,9.0,4430.0,492.22,1,周末
2025-03-15,高级,17.75,8410.0,473.8,4,周末
2025-03-16,中级,15.67,7412.67,473.15,3,周末
2025-03-16,初级,7.0,3230.0,461.43,1,周末
2025-03-16,高级,17.5,9089.0,519.37,4,周末
2025-03-17,中级,19.0,10346.0,544.53,2,工作日
2025-03-17,初级,11.0,5770.0,524.55,2,工作日
2025-03-17,高级,19.5,8260.0,423.59,2,工作日
2025-03-18,中级,20.5,9851.0,480.54,2,工作日
2025-03-18,初级,9.0,3978.5,442.06,4,工作日
2025-03-18,高级,20.0,10099.0,504.95,2,工作日
2025-03-19,中级,14.0,7676.67,548.33,3,工作日
2025-03-19,初级,5.75,3422.5,595.22,4,工作日
2025-03-19,高级,14.5,7668.0,528.83,2,工作日
2025-03-20,中级,16.33,8212.0,502.78,3,工作日
2025-03-20,初级,8.0,4113.33,514.17,3,工作日
2025-03-20,高级,16.0,7403.5,462.72,2,工作日
2025-03-21,中级,13.0,7108.0,546.77,3,工作日
2025-03-21,初级,11.0,5965.0,542.27,2,工作日
2025-03-21,高级,12.33,6246.0,506.43,3,工作日
2025-03-22,中级,17.0,10070.0,592.35,3,周末
2025-03-22,初级,11.0,5720.0,520.0,1,周末
2025-03-22,高级,17.0,8346.0,490.94,4,周末
2025-03-23,中级,18.5,9355.0,505.68,2,周末
2025-03-23,初级,4.0,2124.0,531.0,2,周末
2025-03-23,高级,15.5,8765.75,565.53,4,周末
2025-03-24,中级,14.67,7491.33,510.77,3,工作日
2025-03-24,初级,9.5,4675.0,492.11,2,工作日
2025-03-24,高级,9.0,4376.67,486.3,3,工作日
2025-03-25,中级,19.5,9440.0,484.1,2,工作日
2025-03-25,初级,8.67,4220.0,486.92,3,工作日
2025-03-25,高级,9.5,5194.5,546.79,4,工作日
2025-03-26,中级,11.5,5312.5,461.96,4,工作日
2025-03-26,初级,5.2,2671.6,513.77,5,工作日
2025-03-26,高级,14.5,7281.0,502.14,2,工作日
2025-03-27,中级,15.0,7999.0,533.27,2,工作日
2025-03-27,初级,7.5,3774.5,503.27,4,工作日
2025-03-27,高级,21.0,10131.0,482.43,2,工作日
2025-03-28,中级,17.0,7403.0,435.47,2,工作日
2025-03-28,初级,8.5,3608.0,424.47,4,工作日
2025-03-28,高级,13.5,5789.0,428.81,2,工作日
2025-03-29,中级,20.33,9845.33,484.2,3,周末
2025-03-29,高级,13.25,6598.5,498.0,4,周末
2025-03-30,中级,13.33,6672.67,500.45,3,周末
2025-03-30,初级,10.0,3930.0,393.0,2,周末
2025-03-30,高级,14.2,6943.2,488.96,5,周末
2025-03-31,中级,14.33,8141.0,567.98,3,工作日
2025-03-31,初级,7.4,3786.0,511.62,5,工作日
2025-03-31,高级,14.5,7599.5,524.1,2,工作日
2025-04-01,中级,12.33,5696.67,461.89,3,工作日
2025-04-01,初级,9.33,3613.33,387.14,3,工作日
2025-04-01,高级,11.8,5189.6,439.8,5,工作日
2025-04-02,中级,10.6,5534.0,522.08,5,工作日
2025-04-02,初级,7.33,3736.67,509.55,3,工作日
2025-04-02,高级,15.0,6588.0,439.2,2,工作日
2025-04-03,中级,14.0,6730.0,480.71,3,工作日
2025-04-03,初级,10.67,4816.67,451.56,3,工作日
2025-04-03,高级,10.0,4665.33,466.53,3,工作日
2025-04-04,中级,17.33,9566.67,551.92,3,工作日
2025-04-04,初级,7.0,4042.5,577.5,4,工作日
2025-04-04,高级,12.5,6482.5,518.6,4,工作日
2025-04-05,中级,16.0,9130.0,570.62,3,周末
2025-04-05,高级,16.33,8457.67,517.82,3,周末
2025-04-06,中级,18.0,9689.0,538.28,2,周末
2025-04-06,初级,7.0,2760.0,394.29,2,周末
2025-04-06,高级,14.5,7023.0,484.34,6,周末
2025-04-07,中级,14.33,7170.0,500.23,3,工作日
2025-04-07,初级,6.4,2997.6,468.37,5,工作日
2025-04-07,高级,15.0,6313.0,420.87,2,工作日
2025-04-08,中级,12.0,6249.0,520.75,2,工作日
2025-04-08,初级,9.33,4023.33,431.07,3,工作日
2025-04-08,高级,13.0,5934.33,456.49,3,工作日
2025-04-09,中级,14.67,7191.33,490.32,3,工作日
2025-04-09,初级,7.6,3696.0,486.32,5,工作日
2025-04-09,高级,18.5,9808.0,530.16,2,工作日
2025-04-10,中级,14.33,8353.33,582.79,3,工作日
2025-04-10,初级,6.0,3200.0,533.33,2,工作日
2025-04-10,高级,15.0,9266.5,617.77,2,工作日
2025-04-11,中级,14.33,7860.0,548.37,3,工作日
2025-04-11,初级,7.33,3416.67,465.91,3,工作日
2025-04-11,高级,10.5,5590.0,532.38,2,工作日
2025-04-12,中级,15.33,8216.0,535.83,3,周末
2025-04-12,高级,8.4,4304.6,512.45,5,周末
2025-04-13,中级,17.5,8758.0,500.46,2,周末
2025-04-13,初级,9.0,4770.0,530.0,1,周末
2025-04-13,高级,17.5,9147.0,522.69,4,周末
2025-04-14,中级,14.0,6530.0,466.43,2,工作日
2025-04-14,初级,1.0,260.0,260.0,1,工作日
2025-04-14,高级,8.5,4612.0,542.59,4,工作日
2025-04-15,中级,16.67,8106.0,486.36,3,工作日
2025-04-15,初级,7.5,3040.0,405.33,2,工作日
2025-04-15,高级,13.5,6440.0,477.04,2,工作日
2025-04-16,中级,15.5,7189.0,463.81,2,工作日
2025-04-16,初级,8.0,3816.67,477.08,3,工作日
2025-04-16,高级,20.5,10831.0,528.34,2,工作日
2025-04-17,中级,17.33,9018.67,520.31,3,工作日
2025-04-17,初级,5.5,3012.5,547.73,4,工作日
2025-04-17,高级,16.5,8497.0,514.97,2,工作日
2025-04-18,中级,21.0,10244.0,487.81,2,工作日
2025-04-18,初级,7.0,3277.0,468.14,4,工作日
2025-04-18,高级,16.33,8090.67,495.35,3,工作日
2025-04-19,中级,12.33,6430.67,521.41,3,周末
2025-04-19,初级,9.0,5360.0,595.56,1,周末
2025-04-19,高级,17.75,9632.5,542.68,4,周末
2025-04-20,中级,19.5,9664.0,495.59,2,周末
2025-04-20,初级,9.0,4970.0,552.22,2,周末
2025-04-20,高级,14.33,7987.67,557.28,6,周末
2025-04-21,中级,13.67,6512.67,476.54,3,工作日
2025-04-21,初级,4.75,2555.0,537.89,4,工作日
2025-04-21,高级,14.5,6752.0,465.66,2,工作日
2025-04-22,中级,19.67,9576.0,486.92,3,工作日
2025-04-22,初级,9.0,5213.33,579.26,3,工作日
2025-04-22,高级,18.0,9364.0,520.22,2,工作日
2025-04-23,中级,11.75,6548.75,557.34,4,工作日
2025-04-23,初级,6.0,3186.67,531.11,3,工作日
2025-04-23,高级,9.67,4430.33,458.31,3,工作日
2025-04-24,中级,16.33,7806.0,477.92,3,工作日
2025-04-24,初级,5.33,3086.67,578.75,3,工作日
2025-04-24,高级,9.33,5094.33,545.82,3,工作日
2025-04-25,中级,15.33,8148.0,531.39,3,工作日
2025-04-25,初级,7.0,2550.0,364.29,1,工作日
2025-04-25,高级,15.5,8384.0,540.9,2,工作日
2025-04-26,中级,20.0,9720.0,486.0,2,周末
2025-04-26,初级,9.0,4070.0,452.22,1,周末
2025-04-26,高级,16.5,9736.25,590.08,4,周末
2025-04-27,中级,13.0,7420.0,570.77,2,周末
2025-04-27,初级,9.5,4955.0,521.58,2,周末
2025-04-27,高级,11.8,6141.4,520.46,5,周末
2025-04-28,中级,13.0,6752.0,519.38,4,工作日
2025-04-28,初级,7.67,3560.0,464.35,3,工作日
2025-04-28,高级,16.5,7621.5,461.91,2,工作日
2025-04-29,中级,20.33,9982.67,490.95,3,工作日
2025-04-29,初级,10.0,4740.0,474.0,2,工作日
2025-04-29,高级,12.33,5639.33,457.24,3,工作日
2025-04-30,中级,13.0,5906.67,454.36,3,工作日
2025-04-30,初级,5.5,2920.0,530.91,2,工作日
2025-04-30,高级,12.0,6519.0,543.25,2,工作日
2025-05-01,中级,25.33,14129.67,557.75,3,工作日
2025-05-01,初级,4.5,2255.0,501.11,4,工作日
2025-05-01,高级,21.5,12430.0,578.14,2,工作日
2025-05-02,中级,15.5,8910.0,574.84,2,工作日
2025-05-02,初级,7.67,4560.0,594.78,3,工作日
2025-05-02,高级,16.5,8341.0,505.52,4,工作日
2025-05-03,中级,18.67,10119.33,542.11,3,周末
2025-05-03,高级,16.0,9340.0,583.75,3,周末
2025-05-04,中级,20.0,11823.0,591.15,2,周末
2025-05-04,高级,20.75,10705.75,515.94,4,周末
2025-05-05,中级,18.5,9542.0,515.78,2,工作日
2025-05-05,初级,7.0,3640.0,520.0,4,工作日
2025-05-05,高级,18.0,8080.67,448.93,3,工作日
2025-05-06,中级,16.0,8502.0,531.38,3,工作日
2025-05-06,初级,8.0,4152.67,519.08,3,工作日
2025-05-06,高级,10.33,5433.0,525.77,3,工作日
2025-05-07,中级,15.67,7824.67,499.45,3,工作日
2025-05-07,初级,6.0,3250.0,541.67,3,工作日
2025-05-07,高级,17.0,9828.5,578.15,2,工作日
2025-05-08,中级,12.0,5930.5,494.21,4,工作日
2025-05-08,初级,8.0,3088.0,386.0,2,工作日
2025-05-08,高级,15.0,6537.0,435.8,2,工作日
2025-05-09,中级,12.33,6500.0,527.03,3,工作日
2025-05-09,初级,6.0,3333.33,555.56,3,工作日
2025-05-09,高级,9.0,4627.0,514.11,2,工作日
2025-05-10,中级,17.67,9913.33,561.13,3,周末
2025-05-10,初级,10.0,5790.0,579.0,1,周末
2025-05-10,高级,13.75,6849.0,498.11,4,周末
2025-05-11,中级,18.0,9795.0,544.17,2,周末
2025-05-11,初级,15.0,6600.0,440.0,1,周末
2025-05-11,高级,20.75,10388.25,500.64,4,周末
2025-05-12,中级,10.5,5160.0,491.43,4,工作日
2025-05-12,初级,5.75,2855.0,496.52,4,工作日
2025-05-12,高级,10.5,5680.0,540.95,2,工作日
2025-05-13,中级,17.33,9915.33,572.04,3,工作日
2025-05-13,初级,8.75,4200.0,480.0,4,工作日
2025-05-13,高级,16.0,8066.0,504.12,3,工作日
2025-05-14,中级,14.0,6874.67,491.05,3,工作日
2025-05-14,初级,7.0,3634.5,519.21,4,工作日
2025-05-14,高级,13.33,6932.67,519.95,3,工作日
2025-05-15,中级,11.2,5517.2,492.61,5,工作日
2025-05-15,初级,9.33,4280.0,458.57,3,工作日
2025-05-15,高级,10.33,4576.67,442.9,3,工作日
2025-05-16,中级,14.0,8286.67,591.9,3,工作日
2025-05-16,初级,6.25,3712.5,594.0,4,工作日
2025-05-16,高级,8.0,4615.33,576.92,3,工作日
2025-05-17,中级,22.5,12909.0,573.73,2,周末
2025-05-17,初级,8.67,5170.0,596.54,3,周末
2025-05-17,高级,18.67,10096.67,540.89,3,周末
2025-05-18,中级,20.0,10854.0,542.7,2,周末
2025-05-18,高级,12.4,6047.2,487.68,5,周末
2025-05-19,中级,14.0,6117.0,436.93,4,工作日
2025-05-19,初级,7.0,2630.0,375.71,1,工作日
2025-05-19,高级,12.0,6105.0,508.75,2,工作日
2025-05-20,中级,12.75,6881.0,539.69,4,工作日
2025-05-20,初级,7.33,4920.0,670.91,3,工作日
2025-05-20,高级,7.5,3547.5,473.0,4,工作日
2025-05-21,中级,16.0,7680.0,480.0,3,工作日
2025-05-21,初级,8.25,3590.0,435.15,4,工作日
2025-05-21,高级,11.33,5326.67,470.0,3,工作日
2025-05-22,中级,16.0,8150.0,509.38,3,工作日
2025-05-22,初级,7.75,4255.0,549.03,4,工作日
2025-05-22,高级,13.0,7460.0,573.85,2,工作日
2025-05-23,中级,17.0,10016.67,589.22,3,工作日
2025-05-23,初级,7.0,4400.0,628.57,5,工作日
2025-05-23,高级,16.0,8522.5,532.66,2,工作日
2025-05-24,中级,16.67,8819.33,529.16,3,周末
2025-05-24,初级,6.0,3979.33,663.22,3,周末
2025-05-24,高级,17.33,9924.67,572.58,3,周末
2025-05-25,中级,10.75,5824.5,541.81,4,周末
2025-05-25,初级,13.5,6639.0,491.78,2,周末
2025-05-25,高级,15.4,7984.6,518.48,5,周末
2025-05-26,中级,17.0,8656.67,509.22,3,工作日
2025-05-26,初级,8.67,4714.0,543.92,3,工作日
2025-05-26,高级,12.0,6787.0,565.58,3,工作日
2025-05-27,中级,13.33,6399.33,479.95,3,工作日
2025-05-27,初级,7.67,3696.67,482.17,3,工作日
2025-05-27,高级,8.33,4030.0,483.6,3,工作日
2025-05-28,中级,13.5,6952.5,515.0,4,工作日
2025-05-28,初级,8.33,4323.33,518.8,3,工作日
2025-05-28,高级,17.0,8448.5,496.97,2,工作日
2025-05-29,中级,14.5,7310.0,504.14,2,工作日
2025-05-29,初级,8.75,5392.5,616.29,4,工作日
2025-05-29,高级,16.67,8743.0,524.58,3,工作日
2025-05-30,中级,19.33,10152.0,525.1,3,工作日
2025-05-30,初级,9.67,5963.67,616.93,3,工作日
2025-05-30,高级,19.0,9483.5,499.13,2,工作日
2025-05-31,中级,16.67,8150.0,489.0,3,周末
2025-05-31,初级,10.0,5530.0,553.0,1,周末
2025-05-31,高级,16.67,9376.0,562.56,3,周末
2025-06-01,中级,17.5,9429.0,538.8,2,周末
2025-06-01,初级,9.0,4900.0,544.44,3,周末
2025-06-01,高级,15.25,7187.5,471.31,4,周末
2025-06-02,中级,14.5,7730.0,533.1,2,工作日
2025-06-02,初级,6.67,2846.67,427.0,3,工作日
2025-06-02,高级,12.25,5786.25,472.35,4,工作日
2025-06-03,中级,12.0,6624.67,552.06,3,工作日
2025-06-03,初级,5.67,3156.67,557.06,3,工作日
2025-06-03,高级,7.33,3761.33,512.91,3,工作日
2025-06-04,中级,19.33,9186.0,475.14,3,工作日
2025-06-04,初级,8.5,4185.0,492.35,2,工作日
2025-06-04,高级,15.5,7840.0,505.81,2,工作日
2025-06-05,中级,16.33,7202.0,440.94,3,工作日
2025-06-05,初级,9.33,4292.67,459.93,3,工作日
2025-06-05,高级,9.33,4188.67,448.79,3,工作日
2025-06-06,中级,13.0,7536.67,579.74,3,工作日
2025-06-06,初级,7.33,4409.33,601.27,3,工作日
2025-06-06,高级,10.0,4917.33,491.73,3,工作日
2025-06-07,中级,18.33,10366.0,565.42,3,周末
2025-06-07,初级,9.0,5165.0,573.89,2,周末
2025-06-07,高级,15.67,8004.0,510.89,3,周末
2025-06-08,中级,15.25,7262.0,476.2,4,周末
2025-06-08,初级,9.0,4285.0,476.11,2,周末
2025-06-08,高级,17.0,7881.67,463.63,3,周末
2025-06-09,中级,15.0,7644.0,509.6,2,工作日
2025-06-09,初级,7.4,3745.6,506.16,5,工作日
2025-06-09,高级,12.0,6298.5,524.88,4,工作日
2025-06-10,中级,15.67,7995.33,510.34,3,工作日
2025-06-10,初级,8.0,4426.67,553.33,3,工作日
2025-06-10,高级,7.0,3462.5,494.64,4,工作日
2025-06-11,中级,15.0,7166.0,477.73,3,工作日
2025-06-11,初级,9.0,4290.0,476.67,1,工作日
2025-06-11,高级,8.33,4210.0,505.2,3,工作日
2025-06-12,中级,12.4,6635.2,535.1,5,工作日
2025-06-12,初级,7.0,3765.0,537.86,4,工作日
2025-06-12,高级,13.5,7092.0,525.33,2,工作日
2025-06-13,中级,16.0,8551.33,534.46,3,工作日
2025-06-13,初级,7.8,4478.8,574.21,5,工作日
2025-06-13,高级,13.5,7290.0,540.0,2,工作日
2025-06-14,中级,17.33,9106.0,525.35,3,周末
2025-06-14,初级,11.5,6945.0,603.91,2,周末
2025-06-14,高级,15.0,8479.33,565.29,3,周末
2025-06-15,中级,17.0,8660.0,509.41,3,周末
2025-06-15,初级,8.0,4200.0,525.0,3,周末
2025-06-15,高级,15.33,8498.33,554.24,3,周末
2025-06-16,中级,14.5,7325.0,505.17,2,工作日
2025-06-16,初级,8.75,4415.0,504.57,4,工作日
2025-06-16,高级,12.25,6084.0,496.65,4,工作日
2025-06-17,中级,17.33,9363.33,540.19,3,工作日
2025-06-17,初级,7.4,3868.0,522.7,5,工作日
2025-06-17,高级,15.0,7539.0,502.6,2,工作日
2025-06-18,中级,15.67,7859.33,501.66,3,工作日
2025-06-18,初级,9.33,4883.33,523.21,3,工作日
2025-06-18,高级,15.0,7041.0,469.4,2,工作日
2025-06-19,中级,12.5,6450.5,516.04,4,工作日
2025-06-19,初级,7.33,4476.67,610.45,3,工作日
2025-06-19,高级,17.5,8833.0,504.74,2,工作日
2025-06-20,中级,12.0,6117.0,509.75,4,工作日
2025-06-20,初级,6.75,3920.0,580.74,4,工作日
2025-06-20,高级,9.5,5155.75,542.71,4,工作日
2025-06-21,中级,18.5,11385.0,615.41,2,周末
2025-06-21,初级,9.0,5670.0,630.0,1,周末
2025-06-21,高级,18.0,9734.0,540.78,4,周末
2025-06-22,中级,15.33,8166.0,532.57,3,周末
2025-06-22,初级,10.5,5500.0,523.81,2,周末
2025-06-22,高级,20.0,9790.67,489.53,3,周末
2025-06-23,中级,13.5,8858.0,656.15,2,工作日
2025-06-23,初级,6.6,4187.6,634.48,5,工作日
2025-06-23,高级,13.33,7856.67,589.25,3,工作日
2025-06-24,中级,13.5,7375.0,546.3,2,工作日
2025-06-24,初级,6.25,3514.5,562.32,4,工作日
2025-06-24,高级,9.5,4550.5,479.0,4,工作日
2025-06-25,中级,13.67,6442.67,471.41,3,工作日
2025-06-25,初级,7.5,3230.0,430.67,4,工作日
2025-06-25,高级,11.5,4385.0,381.3,2,工作日
2025-06-26,中级,18.5,9879.0,534.0,2,工作日
2025-06-26,初级,9.75,4595.0,471.28,4,工作日
2025-06-26,高级,17.33,8201.33,473.15,3,工作日
2025-06-27,中级,9.6,5744.0,598.33,5,工作日
2025-06-27,初级,9.0,5535.0,615.0,2,工作日
2025-06-27,高级,19.0,8935.0,470.26,2,工作日
2025-06-28,中级,18.0,10235.33,568.63,3,周末
2025-06-28,初级,9.0,4750.0,527.78,1,周末
2025-06-28,高级,13.25,7165.25,540.77,4,周末
2025-06-29,中级,14.0,7024.5,501.75,4,周末
2025-06-29,初级,10.33,5166.67,500.0,3,周末
2025-06-29,高级,17.33,9231.33,532.58,3,周末
2025-06-30,中级,16.25,7795.0,479.69,4,工作日
2025-06-30,初级,12.0,6430.0,535.83,1,工作日
2025-06-30,高级,14.0,7108.0,507.71,2,工作日
2025-07-01,中级,12.33,5693.33,461.62,3,工作日
2025-07-01,初级,8.0,3990.0,498.75,2,工作日
2025-07-01,高级,9.33,5116.67,548.21,3,工作日
2025-07-02,中级,15.25,7276.5,477.15,4,工作日
2025-07-02,初级,6.67,3343.33,501.5,3,工作日
2025-07-02,高级,11.0,6619.5,601.77,2,工作日
2025-07-03,中级,14.67,8356.67,569.77,3,工作日
2025-07-03,初级,8.67,4710.0,543.46,3,工作日
2025-07-03,高级,16.0,7518.0,469.88,2,工作日
2025-07-04,中级,14.33,6798.67,474.33,3,工作日
2025-07-04,初级,7.67,4006.67,522.61,3,工作日
2025-07-04,高级,10.0,5263.5,526.35,2,工作日
2025-07-05,中级,17.5,10075.0,575.71,2,周末
2025-07-05,初级,12.0,5985.0,498.75,2,周末
2025-07-05,高级,20.67,9456.67,457.58,3,周末
2025-07-06,中级,19.0,10304.0,542.32,2,周末
2025-07-06,初级,11.0,5383.33,489.39,3,周末
2025-07-06,高级,14.6,7645.6,523.67,5,周末
2025-07-07,中级,13.25,6774.5,511.28,4,工作日
2025-07-07,初级,8.33,3846.0,461.52,3,工作日
2025-07-07,高级,10.0,4819.5,481.95,4,工作日
2025-07-08,中级,9.75,4555.0,467.18,4,工作日
2025-07-08,初级,7.0,3470.0,495.71,3,工作日
2025-07-08,高级,10.0,5279.5,527.95,2,工作日
2025-07-09,中级,12.0,6034.0,502.83,4,工作日
2025-07-09,初级,9.67,3892.67,402.69,3,工作日
2025-07-09,高级,11.5,5078.0,441.57,2,工作日
2025-07-10,中级,12.33,6510.0,527.84,3,工作日
2025-07-10,初级,7.25,3397.5,468.62,4,工作日
2025-07-10,高级,13.5,7012.5,519.44,2,工作日
2025-07-11,中级,10.33,6017.33,582.32,3,工作日
2025-07-11,初级,8.0,4486.67,560.83,3,工作日
2025-07-11,高级,11.0,6135.0,557.73,2,工作日
2025-07-12,中级,18.33,9428.67,514.29,3,周末
2025-07-12,初级,9.0,6390.0,710.0,1,周末
2025-07-12,高级,17.0,9378.0,551.65,2,周末
2025-07-13,中级,18.5,10939.0,591.3,2,周末
2025-07-13,初级,16.0,9420.0,588.75,1,周末
2025-07-13,高级,20.0,9389.0,469.45,4,周末
2025-07-14,中级,15.0,7673.33,511.56,3,工作日
2025-07-14,初级,8.25,3562.5,431.82,4,工作日
2025-07-14,高级,14.5,7928.5,546.79,2,工作日
2025-07-15,中级,14.75,7623.75,516.86,4,工作日
2025-07-15,初级,7.5,4457.0,594.27,4,工作日
2025-07-15,高级,11.5,6561.5,570.57,2,工作日
2025-07-16,中级,15.0,6641.0,442.73,4,工作日
2025-07-16,初级,6.33,2793.33,441.05,3,工作日
2025-07-16,高级,5.0,2455.0,491.0,2,工作日
2025-07-17,中级,13.0,7854.0,604.15,2,工作日
2025-07-17,初级,7.4,3996.0,540.0,5,工作日
2025-07-17,高级,14.0,6945.0,496.07,2,工作日
2025-07-18,中级,11.33,5676.67,500.88,3,工作日
2025-07-18,初级,6.75,2976.0,440.89,4,工作日
2025-07-18,高级,11.0,4820.5,438.23,2,工作日
2025-07-19,中级,21.0,12674.5,603.55,2,周末
2025-07-19,初级,10.5,5380.0,512.38,2,周末
2025-07-19,高级,16.75,8942.25,533.87,4,周末
2025-07-20,中级,16.75,8072.0,481.91,4,周末
2025-07-20,初级,9.67,4988.67,516.07,3,周末
2025-07-20,高级,13.5,6682.0,494.96,2,周末
2025-07-21,中级,11.5,5340.25,464.37,4,工作日
2025-07-21,初级,9.0,4510.0,501.11,1,工作日
2025-07-21,高级,9.0,4195.5,466.17,2,工作日
2025-07-22,中级,15.0,6623.0,441.53,2,工作日
2025-07-22,初级,9.0,4430.0,492.22,1,工作日
2025-07-22,高级,11.5,5769.0,501.65,2,工作日
2025-07-23,中级,16.0,8436.0,527.25,2,工作日
2025-07-23,初级,10.0,5220.0,522.0,3,工作日
2025-07-23,高级,16.0,7128.0,445.5,1,工作日
2025-07-24,中级,15.5,7074.0,456.39,2,工作日
2025-07-24,初级,9.67,4546.67,470.34,3,工作日
2025-07-24,高级,10.0,5020.0,502.0,2,工作日
2025-07-25,中级,12.0,6950.0,579.17,2,工作日
2025-07-25,初级,7.5,4377.5,583.67,4,工作日
2025-07-25,高级,10.5,5314.0,506.1,2,工作日
2025-07-26,中级,13.5,7635.0,565.56,2,周末
2025-07-26,初级,9.5,5905.0,621.58,2,周末
2025-07-26,高级,8.6,4462.0,518.84,5,周末
2025-07-27,中级,17.5,9845.0,562.57,2,周末
2025-07-27,初级,9.5,5849.0,615.68,2,周末
2025-07-27,高级,14.25,7793.5,546.91,4,周末
2025-07-28,中级,18.0,9230.0,512.78,1,工作日
2025-07-28,初级,8.8,4042.0,459.32,5,工作日
2025-07-28,高级,17.67,8311.67,470.47,3,工作日
2025-07-29,中级,10.5,5660.0,539.05,2,工作日
2025-07-29,初级,6.0,3304.25,550.71,4,工作日
2025-07-29,高级,6.33,3499.0,552.47,3,工作日
2025-07-30,中级,19.0,9882.0,520.11,2,工作日
2025-07-30,初级,6.67,3390.0,508.5,3,工作日
2025-07-30,高级,13.5,7681.5,569.0,2,工作日
2025-07-31,中级,16.0,7910.0,494.38,2,工作日
2025-07-31,初级,9.67,4446.67,460.0,3,工作日
2025-07-31,高级,14.0,7010.0,500.71,3,工作日
2025-08-01,中级,10.25,5592.0,545.56,4,工作日
2025-08-01,初级,7.75,4132.5,533.23,4,工作日
2025-08-01,高级,9.0,5123.0,569.22,2,工作日
2025-08-02,中级,17.0,9835.0,578.53,2,周末
2025-08-02,初级,13.5,7420.0,549.63,2,周末
2025-08-02,高级,17.33,9713.33,560.38,3,周末
2025-08-03,中级,19.0,9432.0,496.42,2,周末
2025-08-03,初级,11.33,5316.67,469.12,3,周末
2025-08-03,高级,14.75,7209.5,488.78,4,周末
2025-08-04,中级,10.67,5043.33,472.81,3,工作日
2025-08-04,初级,12.0,5020.0,418.33,1,工作日
2025-08-04,高级,16.0,7293.33,455.83,3,工作日
2025-08-05,中级,9.75,4410.0,452.31,4,工作日
2025-08-05,初级,12.0,6280.0,523.33,1,工作日
2025-08-05,高级,19.0,8124.5,427.61,2,工作日
2025-08-06,中级,24.0,12053.75,502.24,2,工作日
2025-08-06,高级,13.33,6135.33,460.15,3,工作日
2025-08-07,中级,18.0,9084.0,504.67,2,工作日
2025-08-07,初级,9.0,4788.0,532.0,3,工作日
2025-08-07,高级,16.0,7491.0,468.19,2,工作日
2025-08-08,中级,10.0,5758.0,575.8,3,工作日
2025-08-08,初级,7.67,4279.33,558.17,3,工作日
2025-08-08,高级,12.33,6324.0,512.76,3,工作日
2025-08-09,中级,13.75,7749.5,563.6,4,周末
2025-08-09,初级,10.0,5320.0,532.0,1,周末
2025-08-09,高级,17.33,8485.0,489.52,3,周末
2025-08-10,中级,19.0,9148.0,481.47,2,周末
2025-08-10,初级,11.0,4892.67,444.79,3,周末
2025-08-10,高级,16.5,8530.75,517.02,4,周末
2025-08-11,中级,10.33,4834.67,467.87,3,工作日
2025-08-11,初级,7.0,3177.6,453.94,5,工作日
2025-08-11,高级,16.5,8189.0,496.3,2,工作日
2025-08-12,中级,18.0,9532.0,529.56,3,工作日
2025-08-12,高级,9.67,4552.33,470.93,3,工作日
2025-08-13,中级,9.75,5225.5,535.95,4,工作日
2025-08-13,初级,10.0,4020.0,402.0,1,工作日
2025-08-13,高级,8.0,4170.0,521.25,3,工作日
2025-08-14,中级,17.0,8375.0,492.65,2,工作日
2025-08-14,初级,9.0,4043.33,449.26,6,工作日
2025-08-14,高级,16.0,7714.0,482.12,2,工作日
2025-08-15,中级,10.5,5329.0,507.52,4,工作日
2025-08-15,初级,7.2,3854.0,535.28,5,工作日
2025-08-15,高级,7.5,4013.0,535.07,2,工作日
2025-08-16,中级,15.5,8005.0,516.45,2,周末
2025-08-16,初级,11.0,5840.0,530.91,3,周末
2025-08-16,高级,16.67,8639.33,518.36,3,周末
2025-08-17,中级,13.2,6995.6,529.97,5,周末
2025-08-17,初级,8.0,3985.0,498.12,2,周末
2025-08-17,高级,9.5,4550.0,478.95,2,周末
2025-08-18,中级,15.67,7556.67,482.34,3,工作日
2025-08-18,初级,9.25,4421.0,477.95,4,工作日
2025-08-18,高级,13.0,6614.0,508.77,2,工作日
2025-08-19,中级,15.0,7029.0,468.6,2,工作日
2025-08-19,初级,6.83,3708.0,542.63,6,工作日
2025-08-19,高级,7.0,3766.0,538.0,3,工作日
2025-08-20,中级,17.67,8566.67,484.91,3,工作日
2025-08-20,高级,13.0,5686.0,437.38,2,工作日
2025-08-21,中级,13.0,6366.0,489.69,3,工作日
2025-08-21,预备,1.0,340.0,340.0,1,工作日
2025-08-21,高级,11.5,5189.0,451.22,2,工作日
2025-08-22,中级,10.0,5752.0,575.2,3,工作日
2025-08-22,初级,5.5,3257.5,592.27,4,工作日
2025-08-22,高级,7.5,4499.0,599.87,2,工作日
2025-08-23,中级,24.0,13120.0,546.67,2,周末
2025-08-23,初级,11.5,6836.0,594.43,2,周末
2025-08-23,高级,13.5,7297.0,540.52,4,周末
2025-08-24,中级,19.5,9322.0,478.05,2,周末
2025-08-24,初级,11.0,5685.33,516.85,3,周末
2025-08-24,高级,13.5,7178.0,531.7,4,周末
2025-08-25,中级,12.0,6370.0,530.83,2,工作日
2025-08-25,初级,11.0,6640.0,603.64,1,工作日
2025-08-25,高级,12.75,6267.25,491.55,4,工作日
2025-08-26,中级,18.67,9877.33,529.14,3,工作日
2025-08-26,初级,5.5,3380.0,614.55,2,工作日
2025-08-26,预备,1.0,260.0,260.0,1,工作日
2025-08-26,高级,16.0,8989.0,561.81,2,工作日
2025-08-27,中级,11.75,5774.5,491.45,4,工作日
2025-08-27,初级,10.0,5570.0,557.0,1,工作日
2025-08-27,高级,11.0,5534.0,503.09,2,工作日
2025-08-28,中级,12.0,6616.5,551.38,4,工作日
2025-08-28,初级,10.5,6634.0,631.81,2,工作日
2025-08-28,预备,1.0,260.0,260.0,1,工作日
2025-08-28,高级,16.0,8257.0,516.06,2,工作日
2025-08-29,中级,10.75,5681.0,528.47,4,工作日
2025-08-29,初级,6.67,3886.67,583.0,3,工作日
2025-08-29,预备,2.0,680.0,340.0,1,工作日
2025-08-29,高级,13.0,6195.0,476.54,2,工作日
2025-08-30,中级,19.0,10835.0,570.26,2,周末
2025-08-30,初级,9.33,4536.67,486.07,3,周末
2025-08-30,高级,16.5,9092.9,551.08,4,周末
2025-08-31,中级,22.0,10710.0,486.82,2,周末
2025-08-31,初级,12.0,6684.0,557.0,2,周末
2025-08-31,高级,13.25,6863.5,518.0,4,周末
2025-09-01,中级,13.0,5964.0,458.77,2,工作日
2025-09-01,初级,9.0,4753.5,528.17,4,工作日
2025-09-01,预备,3.0,900.0,300.0,1,工作日
2025-09-01,高级,20.33,11265.33,554.03,3,工作日
2025-09-02,中级,12.33,5659.67,458.89,3,工作日
2025-09-02,初级,9.5,4310.0,453.68,2,工作日
2025-09-02,预备,1.0,380.0,380.0,1,工作日
2025-09-02,高级,11.0,6095.5,554.14,2,工作日
2025-09-03,中级,17.0,7373.0,433.71,2,工作日
2025-09-03,初级,5.75,2582.5,449.13,4,工作日
2025-09-03,预备,2.0,640.0,320.0,1,工作日
2025-09-03,高级,10.5,4800.0,457.14,2,工作日
2025-09-04,中级,11.67,5896.0,505.37,3,工作日
2025-09-04,初级,10.5,5152.5,490.71,4,工作日
2025-09-04,高级,17.0,8367.5,492.21,2,工作日
2025-09-05,中级,16.0,9414.0,588.38,2,工作日
2025-09-05,初级,8.0,3980.0,497.5,1,工作日
2025-09-05,预备,2.0,640.0,320.0,1,工作日
2025-09-05,高级,13.0,7747.0,595.92,4,工作日
2025-09-06,中级,19.0,9876.0,519.79,2,周末
2025-09-06,初级,8.5,4850.0,570.59,2,周末
2025-09-06,高级,10.67,5235.33,490.81,6,周末
2025-09-07,中级,17.0,9120.0,536.47,2,周末
2025-09-07,初级,10.0,5150.0,515.0,2,周末
2025-09-07,高级,20.67,10512.33,508.66,3,周末
2025-09-08,中级,11.5,5865.0,510.0,2,工作日
2025-09-08,初级,10.33,5128.0,496.26,3,工作日
2025-09-08,高级,17.0,9232.33,543.08,3,工作日
2025-09-09,中级,12.0,5403.33,450.28,3,工作日
2025-09-09,初级,8.67,3126.67,360.77,3,工作日
2025-09-09,高级,13.5,6053.0,448.37,2,工作日
2025-09-10,中级,10.25,5376.25,524.51,4,工作日
2025-09-10,初级,7.5,3925.0,523.33,2,工作日
2025-09-10,预备,1.0,530.0,530.0,1,工作日
2025-09-10,高级,14.0,7760.0,554.29,2,工作日
2025-09-11,中级,14.75,7849.25,532.15,4,工作日
2025-09-11,初级,8.0,4090.0,511.25,1,工作日
2025-09-11,高级,15.0,7142.0,476.13,2,工作日
2025-09-12,中级,13.0,7206.0,554.31,3,工作日
2025-09-12,初级,7.33,4906.67,669.09,3,工作日
2025-09-12,预备,3.0,980.0,326.67,1,工作日
2025-09-12,高级,9.5,5253.0,552.95,2,工作日
2025-09-13,中级,20.0,10576.0,528.8,2,周末
2025-09-13,初级,14.33,8538.0,595.67,3,周末
2025-09-13,高级,21.67,11520.0,531.69,3,周末
2025-09-14,中级,18.0,10437.5,579.86,2,周末
2025-09-14,初级,12.0,6755.0,562.92,2,周末
2025-09-14,高级,19.33,11154.33,576.95,3,周末
2025-09-15,中级,12.5,6394.5,511.56,4,工作日
2025-09-15,初级,9.5,5510.0,580.0,2,工作日
2025-09-15,预备,1.0,260.0,260.0,1,工作日
2025-09-15,高级,13.0,6623.0,509.46,2,工作日
2025-09-16,中级,10.6,5301.2,500.11,5,工作日
2025-09-16,初级,7.33,3836.67,523.18,3,工作日
2025-09-16,预备,1.0,260.0,260.0,1,工作日
2025-09-16,高级,11.5,6625.0,576.09,2,工作日
2025-09-17,中级,18.0,9175.0,509.72,2,工作日
2025-09-17,初级,8.0,3966.0,495.75,5,工作日
2025-09-17,预备,3.0,1020.0,340.0,1,工作日
2025-09-17,高级,14.0,6216.0,444.0,2,工作日
2025-09-18,中级,17.5,9359.0,534.8,2,工作日
2025-09-18,初级,9.0,5523.33,613.7,3,工作日
2025-09-18,预备,2.5,1155.0,462.0,2,工作日
2025-09-18,高级,16.0,9189.5,574.34,2,工作日
2025-09-19,中级,14.67,6452.67,439.95,3,工作日
2025-09-19,初级,7.67,4186.67,546.09,3,工作日
2025-09-19,预备,6.0,1880.0,313.33,1,工作日
2025-09-19,高级,10.0,5130.0,513.0,2,工作日
2025-09-20,中级,17.67,9722.0,550.3,3,周末
2025-09-20,初级,10.5,5410.0,515.24,2,周末
2025-09-20,预备,1.0,320.0,320.0,2,周末
2025-09-20,高级,16.0,8055.33,503.46,3,周末
2025-09-21,中级,15.67,8050.33,513.85,3,周末
2025-09-21,初级,11.5,6594.0,573.39,2,周末
2025-09-21,高级,17.0,9636.0,566.82,3,周末
2025-09-22,中级,16.0,8776.67,548.54,3,工作日
2025-09-22,初级,8.0,4350.0,543.75,3,工作日
2025-09-22,预备,1.5,580.0,386.67,2,工作日
2025-09-22,高级,9.5,4130.0,434.74,2,工作日
2025-09-23,中级,13.0,6986.0,537.38,3,工作日
2025-09-23,初级,11.0,6239.0,567.18,2,工作日
2025-09-23,预备,1.5,520.0,346.67,2,工作日
2025-09-23,高级,13.5,7832.0,580.15,2,工作日
2025-09-24,中级,14.25,7371.25,517.28,4,工作日
2025-09-24,初级,11.0,5130.0,466.36,2,工作日
2025-09-24,高级,19.5,7993.0,409.9,2,工作日
2025-09-25,中级,16.67,8997.33,539.84,3,工作日
2025-09-25,初级,11.5,5764.0,501.22,2,工作日
2025-09-25,预备,2.0,760.0,380.0,1,工作日
2025-09-25,高级,16.0,7945.0,496.56,2,工作日
2025-09-26,中级,13.33,6882.67,516.2,3,工作日
2025-09-26,初级,9.0,4652.67,516.96,3,工作日
2025-09-26,预备,5.0,1890.0,378.0,1,工作日
2025-09-26,高级,11.67,6044.0,518.06,3,工作日
2025-09-27,中级,21.0,11208.0,533.71,1,周末
2025-09-27,初级,12.0,6246.67,520.56,3,周末
2025-09-27,高级,19.33,10904.67,564.03,3,周末
2025-09-28,中级,12.67,6616.33,522.34,3,周末
2025-09-28,初级,11.5,6870.0,597.39,2,周末
2025-09-28,预备,2.33,863.33,370.0,3,周末
2025-09-28,高级,15.25,7391.5,484.69,4,周末
2025-09-29,中级,15.33,7332.0,478.17,3,工作日
2025-09-29,初级,9.33,4766.67,510.71,3,工作日
2025-09-29,预备,2.5,770.0,308.0,2,工作日
2025-09-29,高级,20.0,9573.0,478.65,2,工作日
2025-09-30,中级,14.75,7917.0,536.75,4,工作日
2025-09-30,初级,7.67,4183.33,545.65,3,工作日
2025-09-30,预备,1.5,390.0,260.0,2,工作日
2025-09-30,高级,7.5,4421.0,589.47,2,工作日
2025-10-01,中级,16.0,7821.5,488.84,4,工作日
2025-10-01,初级,9.0,4936.67,548.52,3,工作日
2025-10-01,预备,2.33,846.67,362.86,3,工作日
2025-10-01,高级,12.0,6090.0,507.5,1,工作日
2025-10-02,中级,21.0,11399.0,542.81,2,工作日
2025-10-02,初级,10.33,5393.33,521.94,3,工作日
2025-10-02,预备,4.5,1985.0,441.11,2,工作日
2025-10-02,高级,23.0,11891.5,517.02,2,工作日
2025-10-03,中级,17.67,9428.0,533.66,3,工作日
2025-10-03,初级,12.33,6793.33,550.81,3,工作日
2025-10-03,预备,1.5,490.0,326.67,2,工作日
2025-10-03,高级,12.67,5750.0,453.95,3,工作日
2025-10-04,中级,22.0,10916.0,496.18,1,周末
2025-10-04,初级,16.0,7560.0,472.5,1,周末
2025-10-04,高级,15.75,7859.5,499.02,4,周末
2025-10-05,中级,17.0,8478.67,498.75,3,周末
2025-10-05,初级,11.5,5510.0,479.13,2,周末
2025-10-05,预备,3.5,1160.0,331.43,2,周末
2025-10-05,高级,22.33,11334.67,507.52,3,周末
2025-10-06,中级,12.0,5940.67,495.06,3,工作日
2025-10-06,初级,9.75,5695.0,584.1,4,工作日
2025-10-06,预备,3.0,1020.0,340.0,1,工作日
2025-10-06,高级,17.0,9033.0,531.35,2,工作日
2025-10-07,中级,17.5,9782.0,558.97,2,工作日
2025-10-07,初级,13.33,6696.0,502.2,3,工作日
2025-10-07,预备,2.33,736.67,315.71,3,工作日
2025-10-07,高级,17.0,8233.0,484.29,2,工作日
2025-10-08,中级,15.5,8244.5,531.9,2,工作日
2025-10-08,初级,6.0,3465.0,577.5,4,工作日
2025-10-08,预备,1.67,570.0,342.0,3,工作日
2025-10-08,高级,13.0,6906.5,531.27,2,工作日
2025-10-09,中级,18.0,8844.0,491.33,2,工作日
2025-10-09,初级,10.5,5345.0,509.05,4,工作日
2025-10-09,预备,3.67,1356.0,369.82,3,工作日
2025-10-09,高级,18.5,10148.0,548.54,2,工作日
2025-10-10,中级,16.5,9089.0,550.85,2,工作日
2025-10-10,初级,10.0,5588.67,558.87,3,工作日
2025-10-10,预备,3.5,1540.0,440.0,2,工作日
2025-10-10,高级,18.5,10545.0,570.0,2,工作日
2025-10-11,中级,20.0,10902.0,545.1,2,周末
2025-10-11,初级,7.0,2720.0,388.57,2,周末
2025-10-11,预备,3.5,1920.0,548.57,2,周末
2025-10-11,高级,15.0,7429.0,495.27,4,周末
2025-10-12,中级,22.0,11554.0,525.18,2,周末
2025-10-12,初级,10.5,4969.0,473.24,2,周末
2025-10-12,预备,2.0,740.0,370.0,1,周末
2025-10-12,高级,16.67,9349.67,560.98,3,周末
2025-10-13,中级,21.5,11018.0,512.47,2,工作日
2025-10-13,初级,15.0,7779.0,518.6,2,工作日
2025-10-13,高级,23.0,11116.0,483.3,2,工作日
2025-10-14,中级,14.33,7258.0,506.37,3,工作日
2025-10-14,初级,7.0,3700.0,528.57,2,工作日
2025-10-14,预备,1.0,260.0,260.0,1,工作日
2025-10-14,高级,9.0,4866.67,540.74,3,工作日
2025-10-15,中级,18.0,8699.0,483.28,2,工作日
2025-10-15,初级,9.0,4332.67,481.41,3,工作日
2025-10-15,高级,20.0,9243.0,462.15,2,工作日
2025-10-16,中级,17.33,8187.33,472.35,3,工作日
2025-10-16,初级,9.0,4149.5,461.06,4,工作日
2025-10-16,预备,2.5,1210.0,484.0,4,工作日
2025-10-16,高级,9.0,4978.5,553.17,2,工作日
2025-10-17,中级,18.5,9879.5,534.03,4,工作日
2025-10-17,初级,12.5,5999.0,479.92,2,工作日
2025-10-17,预备,1.5,795.0,530.0,2,工作日
2025-10-17,高级,12.0,6918.0,576.5,1,工作日
2025-10-18,中级,16.5,9099.0,551.45,2,周末
2025-10-18,初级,11.5,6975.0,606.52,2,周末
2025-10-18,预备,3.0,1410.0,470.0,2,周末
2025-10-18,高级,21.5,12173.0,566.19,2,周末
2025-10-19,中级,17.25,8558.0,496.12,4,周末
2025-10-19,初级,15.0,6805.0,453.67,2,周末
2025-10-19,预备,3.0,1300.0,433.33,2,周末
2025-10-19,高级,12.67,6971.33,550.37,3,周末
2025-10-20,中级,11.0,5983.2,543.93,5,工作日
2025-10-20,初级,10.0,5136.67,513.67,3,工作日
2025-10-20,预备,3.5,1800.0,514.29,2,工作日
2025-10-20,高级,12.0,5602.67,466.89,3,工作日
2025-10-21,中级,15.33,8089.33,527.57,3,工作日
2025-10-21,初级,10.5,4826.0,459.62,4,工作日
2025-10-21,预备,2.67,1660.0,622.5,3,工作日
2025-10-21,高级,17.5,8352.0,477.26,2,工作日
2025-10-22,中级,18.0,9365.33,520.3,3,工作日
2025-10-22,初级,11.33,4933.33,435.29,3,工作日
2025-10-22,预备,2.67,913.33,342.5,3,工作日
2025-10-22,高级,7.5,3663.5,488.47,2,工作日
2025-10-23,中级,16.5,8685.5,526.39,4,工作日
2025-10-23,初级,10.33,6198.33,599.84,3,工作日
2025-10-23,预备,2.75,1052.5,382.73,4,工作日
2025-10-23,高级,12.0,9216.0,768.0,1,工作日
2025-10-24,中级,16.67,8411.33,504.68,3,工作日
2025-10-24,初级,6.33,3182.67,502.53,3,工作日
2025-10-24,预备,2.2,890.0,404.55,5,工作日
2025-10-24,高级,18.0,9932.0,551.78,1,工作日
2025-10-25,中级,22.67,11752.0,518.47,3,周末
2025-10-25,初级,13.0,6300.0,484.62,1,周末
2025-10-25,预备,3.0,730.0,243.33,2,周末
2025-10-25,高级,20.0,9579.0,478.95,2,周末
2025-10-26,中级,19.5,9509.0,487.64,2,周末
2025-10-26,初级,13.0,6629.0,509.92,2,周末
2025-10-26,预备,2.33,1106.67,474.29,3,周末
2025-10-26,高级,13.75,7721.75,561.58,4,周末
2025-10-27,中级,21.0,10581.33,503.87,3,工作日
2025-10-27,初级,9.67,6439.33,666.14,3,工作日
2025-10-27,预备,4.25,2007.5,472.35,4,工作日
2025-10-27,高级,17.5,8107.0,463.26,2,工作日
2025-10-28,中级,14.75,6669.0,452.14,4,工作日
2025-10-28,初级,11.33,6132.67,541.12,3,工作日
2025-10-28,预备,2.67,1080.0,405.0,3,工作日
2025-10-28,高级,16.0,9149.0,571.81,2,工作日
2025-10-29,中级,15.0,7422.67,494.84,3,工作日
2025-10-29,初级,8.0,4823.33,602.92,3,工作日
2025-10-29,预备,2.67,1090.0,408.75,3,工作日
2025-10-29,高级,10.67,5488.0,514.5,3,工作日
2025-10-30,中级,13.5,7301.0,540.81,4,工作日
2025-10-30,初级,11.0,6019.0,547.18,2,工作日
2025-10-30,预备,3.6,1622.0,450.56,5,工作日
2025-10-30,高级,10.0,4772.0,477.2,3,工作日
2025-10-31,中级,16.33,9388.67,574.82,3,工作日
2025-10-31,初级,11.0,5309.0,482.64,2,工作日
2025-10-31,预备,2.75,1242.5,451.82,4,工作日
2025-10-31,高级,14.5,7806.0,538.34,2,工作日
2025-11-01,中级,18.5,9503.0,513.68,2,周末
2025-11-01,初级,12.0,6750.0,562.5,3,周末
2025-11-01,预备,4.0,1400.0,350.0,1,周末
2025-11-01,高级,18.0,9826.0,545.89,2,周末
2025-11-02,中级,9.33,4761.33,510.14,3,周末
2025-11-02,初级,14.5,5910.0,407.59,2,周末
2025-11-02,预备,4.25,1637.5,385.29,4,周末
2025-11-02,高级,12.75,6943.75,544.61,4,周末
2025-11-03,中级,11.67,5475.33,469.31,3,工作日
2025-11-03,初级,7.25,3967.0,547.17,4,工作日
2025-11-03,预备,2.25,885.0,393.33,4,工作日
2025-11-03,高级,11.0,5835.33,530.48,3,工作日
2025-11-04,中级,15.0,7956.5,530.43,4,工作日
2025-11-04,初级,10.25,5625.0,548.78,4,工作日
2025-11-04,预备,3.0,1010.0,336.67,4,工作日
2025-11-04,高级,16.0,7421.0,463.81,2,工作日
2025-11-05,中级,17.25,8552.25,495.78,4,工作日
2025-11-05,初级,5.5,2840.0,516.36,2,工作日
2025-11-05,预备,4.0,2150.0,537.5,3,工作日
2025-11-05,高级,13.0,6495.0,499.62,1,工作日
2025-11-06,中级,19.0,9743.33,512.81,3,工作日
2025-11-06,初级,13.0,6405.0,492.69,2,工作日
2025-11-06,预备,3.5,1760.0,502.86,2,工作日
2025-11-06,高级,18.0,9631.0,535.06,2,工作日
2025-11-07,中级,15.5,7752.5,500.16,4,工作日
2025-11-07,初级,13.5,6770.0,501.48,2,工作日
2025-11-07,预备,3.0,670.0,223.33,1,工作日
2025-11-07,高级,19.0,9988.0,525.68,1,工作日
2025-11-08,中级,24.0,12198.0,508.25,2,周末
2025-11-08,初级,12.5,7017.5,561.4,4,周末
2025-11-08,预备,3.0,1415.0,471.67,2,周末
2025-11-08,高级,12.67,6988.33,551.71,3,周末
2025-11-09,中级,16.0,8150.5,509.41,2,周末
2025-11-09,初级,13.33,6840.0,513.0,3,周末
2025-11-09,预备,3.5,1692.5,483.57,4,周末
2025-11-09,高级,13.75,7537.25,548.16,4,周末
2025-11-10,中级,14.67,7972.33,543.57,3,工作日
2025-11-10,初级,16.67,8373.33,502.4,3,工作日
2025-11-10,预备,4.67,2630.0,563.57,3,工作日
2025-11-10,高级,6.0,3290.0,548.33,2,工作日
2025-11-11,中级,17.5,9086.0,519.2,4,工作日
2025-11-11,初级,8.0,3816.67,477.08,3,工作日
2025-11-11,预备,2.5,1187.5,475.0,4,工作日
2025-11-11,高级,10.0,5282.67,528.27,3,工作日
2025-11-12,中级,16.33,9186.0,562.41,3,工作日
2025-11-12,初级,9.5,5162.5,543.42,4,工作日
2025-11-12,预备,2.33,986.67,422.86,3,工作日
2025-11-12,高级,26.0,13008.0,500.31,1,工作日
2025-11-13,中级,20.67,9803.33,474.35,3,工作日
2025-11-13,初级,13.67,7075.33,517.71,3,工作日
2025-11-13,预备,2.25,710.0,315.56,4,工作日
2025-11-13,高级,26.0,13329.0,512.65,1,工作日
2025-11-14,中级,18.0,8823.0,490.17,2,工作日
2025-11-14,初级,9.67,5603.33,579.66,3,工作日
2025-11-14,预备,3.0,1563.33,521.11,3,工作日
2025-11-14,高级,16.0,8938.0,558.62,2,工作日
2025-11-15,中级,19.0,8088.0,425.68,2,周末
2025-11-15,初级,10.5,5124.5,488.05,4,周末
2025-11-15,预备,4.67,2020.0,432.86,3,周末
2025-11-15,高级,14.75,6951.0,471.25,4,周末
2025-11-16,中级,18.5,9107.0,492.27,2,周末
2025-11-16,初级,15.0,7324.67,488.31,3,周末
2025-11-16,预备,6.0,2753.33,458.89,3,周末
2025-11-16,高级,21.33,10672.33,500.27,3,周末
2025-11-17,中级,19.67,10067.0,511.88,3,工作日
2025-11-17,初级,13.0,6530.0,502.31,3,工作日
2025-11-17,预备,2.0,620.0,310.0,2,工作日
2025-11-17,高级,11.5,6758.5,587.7,2,工作日
2025-11-18,中级,12.2,6051.8,496.05,5,工作日
2025-11-18,初级,13.5,6775.0,501.85,2,工作日
2025-11-18,预备,6.5,3610.0,555.38,4,工作日
2025-11-18,高级,8.0,4020.0,502.5,3,工作日
2025-11-19,中级,15.0,6848.0,456.53,4,工作日
2025-11-19,初级,11.0,5056.67,459.7,3,工作日
2025-11-19,预备,3.5,1667.5,476.43,4,工作日
2025-11-19,高级,18.0,8644.0,480.22,1,工作日
2025-11-20,中级,20.0,9428.0,471.4,3,工作日
2025-11-20,初级,13.5,7754.0,574.37,2,工作日
2025-11-20,预备,4.5,2470.0,548.89,2,工作日
2025-11-20,高级,17.0,8732.0,513.65,1,工作日
2025-11-21,中级,20.67,10540.0,510.0,3,工作日
2025-11-21,初级,12.5,7553.0,604.24,2,工作日
2025-11-21,预备,5.33,3073.33,576.25,3,工作日
2025-11-21,高级,6.5,3344.0,514.46,2,工作日
2025-11-22,中级,15.33,8199.33,534.74,3,周末
2025-11-22,初级,11.5,6030.0,524.35,2,周末
2025-11-22,高级,13.0,6453.5,496.42,4,周末
2025-11-23,中级,14.0,6558.0,468.43,3,周末
2025-11-23,初级,14.0,7016.67,501.19,3,周末
2025-11-23,预备,5.4,2422.8,448.67,5,周末
2025-11-23,高级,14.75,7364.25,499.27,4,周末
2025-11-24,中级,18.0,9889.33,549.41,3,工作日
2025-11-24,初级,9.67,4476.67,463.1,3,工作日
2025-11-24,预备,3.75,1722.5,459.33,4,工作日
2025-11-24,高级,15.0,7678.0,511.87,1,工作日
2025-11-25,中级,16.33,8692.0,532.16,3,工作日
2025-11-25,初级,12.0,6575.0,547.92,2,工作日
2025-11-25,预备,4.75,2775.0,584.21,4,工作日
2025-11-25,高级,20.0,10628.0,531.4,1,工作日
2025-11-26,中级,12.25,7009.0,572.16,4,工作日
2025-11-26,初级,10.33,5946.67,575.48,3,工作日
2025-11-26,预备,3.67,2330.0,635.45,3,工作日
2025-11-26,高级,18.0,7956.0,442.0,1,工作日
2025-11-27,中级,19.0,9770.0,514.21,3,工作日
2025-11-27,初级,12.5,5954.0,476.32,2,工作日
2025-11-27,预备,5.5,2833.5,515.18,4,工作日
2025-11-27,高级,15.0,7762.0,517.47,1,工作日
2025-11-28,中级,18.67,10248.0,549.0,3,工作日
2025-11-28,初级,10.67,6116.67,573.44,3,工作日
2025-11-28,预备,4.4,2686.0,610.45,5,工作日
2025-11-28,高级,22.0,10368.0,471.27,1,工作日
2025-11-29,中级,20.5,10895.0,531.46,2,周末
2025-11-29,初级,16.5,8204.0,497.21,2,周末
2025-11-29,预备,7.0,3890.0,555.71,2,周末
2025-11-29,高级,21.0,10966.0,522.19,3,周末
2025-11-30,中级,13.67,6888.67,504.05,3,周末
2025-11-30,初级,13.0,7310.0,562.31,3,周末
2025-11-30,预备,4.0,1810.0,452.5,3,周末
2025-11-30,高级,13.2,7542.2,571.38,5,周末
2025-12-01,中级,11.75,6166.5,524.81,4,工作日
2025-12-01,初级,10.67,6043.33,566.56,3,工作日
2025-12-01,预备,5.33,2643.33,495.63,3,工作日
2025-12-01,高级,7.5,4535.0,604.67,2,工作日
2025-12-02,中级,15.67,8331.33,531.79,3,工作日
2025-12-02,初级,10.67,5816.0,545.25,3,工作日
2025-12-02,预备,6.75,3960.0,586.67,4,工作日
2025-12-02,高级,18.0,9710.0,539.44,1,工作日
2025-12-03,中级,14.25,7046.0,494.46,4,工作日
2025-12-03,初级,9.67,4890.0,505.86,3,工作日
2025-12-03,预备,5.0,2262.5,452.5,4,工作日
2025-12-03,高级,13.0,6797.0,522.85,2,工作日
2025-12-04,中级,20.33,10419.33,512.43,3,工作日
2025-12-04,初级,8.0,4527.5,565.94,4,工作日
2025-12-04,预备,5.33,2440.0,457.5,3,工作日
2025-12-04,高级,19.0,8270.0,435.26,1,工作日
2025-12-05,中级,15.5,8361.5,539.45,4,工作日
2025-12-05,初级,15.0,8999.0,599.93,2,工作日
2025-12-05,预备,7.0,4256.0,608.0,5,工作日
2025-12-05,高级,15.0,6780.0,452.0,1,工作日
2025-12-06,中级,18.0,9890.0,549.44,1,周末
2025-12-06,初级,14.33,7713.33,538.14,3,周末
2025-12-06,预备,6.67,3343.33,501.5,3,周末
2025-12-06,高级,19.5,9373.0,480.67,2,周末
2025-12-07,中级,20.0,10437.0,521.85,2,周末
2025-12-07,初级,17.5,8390.0,479.43,2,周末
2025-12-07,预备,8.25,4562.0,552.97,4,周末
2025-12-07,高级,16.0,8986.0,561.62,3,周末
2025-12-08,中级,15.0,6569.0,437.93,4,工作日
2025-12-08,初级,11.67,6942.0,595.03,3,工作日
2025-12-08,预备,7.5,3545.0,472.67,4,工作日
2025-12-08,高级,9.0,4824.67,536.07,3,工作日
2025-12-09,中级,15.0,7963.25,530.88,4,工作日
2025-12-09,初级,12.33,7030.67,570.05,3,工作日
2025-12-09,预备,5.25,2425.5,462.0,4,工作日
2025-12-09,高级,9.5,5413.5,569.84,2,工作日
2025-12-10,中级,15.5,8043.88,518.96,4,工作日
2025-12-10,初级,11.33,6240.0,550.59,3,工作日
2025-12-10,预备,6.8,4222.0,620.88,5,工作日
2025-12-10,高级,21.0,12248.0,583.24,1,工作日
2025-12-11,中级,15.67,8606.67,549.36,3,工作日
2025-12-11,初级,10.67,6143.33,575.94,3,工作日
2025-12-11,预备,4.4,2368.0,538.18,5,工作日
2025-12-11,高级,18.0,9136.0,507.56,1,工作日
2025-12-12,中级,18.67,9966.0,533.89,3,工作日
2025-12-12,初级,6.75,4064.0,602.07,4,工作日
2025-12-12,预备,5.17,2935.0,568.06,6,工作日
2025-12-12,高级,15.0,6140.0,409.33,1,工作日
2025-12-13,中级,21.0,11560.0,550.48,2,周末
2025-12-13,初级,13.0,6890.0,530.0,1,周末
2025-12-13,预备,5.33,3426.67,642.5,3,周末
2025-12-13,高级,12.8,5968.0,466.25,5,周末
2025-12-14,中级,21.0,10464.0,498.29,2,周末
2025-12-14,初级,15.5,8474.0,546.71,2,周末
2025-12-14,预备,6.33,3566.0,563.05,3,周末
2025-12-14,高级,19.33,11516.67,595.69,3,周末
2025-12-15,中级,15.67,9377.33,598.55,3,工作日
2025-12-15,初级,11.0,7610.0,691.82,1,工作日
2025-12-15,预备,5.5,3323.33,604.24,6,工作日
2025-12-15,高级,17.0,8498.0,499.88,2,工作日
2025-12-16,中级,18.5,9384.0,507.24,2,工作日
2025-12-16,初级,12.0,6476.67,539.72,3,工作日
2025-12-16,预备,4.33,2290.0,528.46,6,工作日
2025-12-16,高级,22.0,11379.5,517.25,2,工作日
2025-12-17,中级,16.33,8052.0,492.98,3,工作日
2025-12-17,初级,12.67,5858.67,462.53,3,工作日
2025-12-17,预备,6.0,2690.0,448.33,4,工作日
2025-12-17,高级,17.0,9056.0,532.71,1,工作日
2025-12-18,中级,14.0,7737.0,552.64,4,工作日
2025-12-18,初级,12.0,6210.0,517.5,3,工作日
2025-12-18,预备,6.0,3420.0,570.0,1,工作日
2025-12-18,高级,17.0,9247.0,543.94,1,工作日
2025-12-19,中级,15.33,7603.33,495.87,3,工作日
2025-12-19,初级,11.0,6576.67,597.88,3,工作日
2025-12-19,预备,5.4,2936.0,543.7,5,工作日
2025-12-19,高级,11.0,5170.0,470.0,1,工作日
2025-12-20,中级,14.67,8222.0,560.59,3,周末
2025-12-20,初级,20.0,11720.0,586.0,1,周末
2025-12-20,预备,6.0,2733.33,455.56,3,周末
2025-12-20,高级,23.0,12625.33,548.93,3,周末
2025-12-21,中级,18.5,9699.0,524.27,2,周末
2025-12-21,初级,11.75,5452.0,464.0,4,周末
2025-12-21,预备,7.5,3632.5,484.33,4,周末
2025-12-21,高级,12.4,6146.8,495.71,5,周末
2025-12-22,中级,15.0,7992.0,532.8,2,工作日
2025-12-22,初级,18.0,8188.0,454.89,2,工作日
2025-12-22,预备,6.67,4136.67,620.5,3,工作日
2025-12-22,高级,15.0,7771.0,518.07,2,工作日
2025-12-23,中级,19.0,8948.0,470.95,2,工作日
2025-12-23,初级,13.25,7654.5,577.7,4,工作日
2025-12-23,预备,2.5,950.0,380.0,4,工作日
2025-12-23,高级,11.0,5485.0,498.64,2,工作日
2025-12-24,中级,19.0,9088.0,478.32,3,工作日
2025-12-24,初级,12.67,5579.33,440.47,3,工作日
2025-12-24,预备,5.33,2646.67,496.25,3,工作日
2025-12-24,高级,9.0,5716.0,635.11,2,工作日
2025-12-25,中级,19.0,9804.0,516.0,3,工作日
2025-12-25,初级,11.0,6105.0,555.0,2,工作日
2025-12-25,预备,5.5,2847.5,517.73,4,工作日
2025-12-25,高级,10.5,5259.0,500.86,2,工作日
2025-12-26,中级,17.0,10540.0,620.0,2,工作日
2025-12-26,初级,12.5,6974.0,557.92,2,工作日
2025-12-26,预备,5.5,3837.5,697.73,4,工作日
2025-12-26,高级,9.75,5631.0,577.54,4,工作日
2025-12-27,中级,14.0,8122.67,580.19,3,周末
2025-12-27,初级,14.5,7375.0,508.62,2,周末
2025-12-27,预备,9.67,5026.67,520.0,3,周末
2025-12-27,高级,22.33,11980.67,536.45,3,周末
2025-12-28,中级,17.5,9414.0,537.94,2,周末
2025-12-28,初级,13.0,8100.0,623.08,2,周末
2025-12-28,预备,6.0,3083.33,513.89,3,周末
2025-12-28,高级,15.0,8255.5,550.37,4,周末
2025-12-29,中级,12.33,6011.33,487.41,3,工作日
2025-12-29,初级,15.0,8542.0,569.47,2,工作日
2025-12-29,预备,5.5,2985.0,542.73,4,工作日
2025-12-29,高级,14.33,7830.0,546.28,3,工作日
2025-12-30,中级,17.0,8658.67,509.33,3,工作日
2025-12-30,初级,15.0,7331.33,488.76,3,工作日
2025-12-30,预备,8.0,3835.0,479.38,2,工作日
2025-12-30,高级,29.0,13978.0,482.0,1,工作日
2025-12-31,中级,11.5,5598.0,486.78,2,工作日
2025-12-31,初级,5.67,2800.0,494.12,3,工作日
2025-12-31,预备,2.0,1145.0,572.5,2,工作日
2025-12-31,高级,9.5,5229.0,550.42,2,工作日
2026-01-01,中级,21.0,12063.5,574.45,2,工作日
2026-01-01,初级,12.75,7525.0,590.2,4,工作日
2026-01-01,预备,6.5,4170.0,641.54,2,工作日
2026-01-01,高级,18.0,11742.5,652.36,2,工作日
2026-01-02,中级,18.0,9588.0,532.67,3,工作日
2026-01-02,初级,10.5,6192.5,589.76,4,工作日
2026-01-02,预备,5.5,2635.0,479.09,2,工作日
2026-01-02,高级,15.67,7910.0,504.89,3,工作日
2026-01-03,中级,18.5,10059.0,543.73,2,周末
2026-01-03,初级,14.67,8300.0,565.91,3,周末
2026-01-03,预备,6.67,3303.33,495.5,3,周末
2026-01-03,高级,14.0,7147.0,510.5,4,周末
2026-01-04,中级,12.0,6100.0,508.33,2,周末
2026-01-04,初级,14.33,6713.33,468.37,3,周末
2026-01-04,预备,5.33,2505.0,469.69,6,周末
2026-01-04,高级,14.25,6953.0,487.93,4,周末
2026-01-05,中级,14.5,7280.5,502.1,4,工作日
2026-01-05,初级,12.33,7162.67,580.76,3,工作日
2026-01-05,预备,1.5,490.0,326.67,2,工作日
2026-01-05,高级,11.0,5648.5,513.5,2,工作日
2026-01-06,中级,17.5,8580.0,490.29,2,工作日
2026-01-06,初级,13.33,6340.0,475.5,3,工作日
2026-01-06,预备,8.33,3873.33,464.8,3,工作日
2026-01-06,高级,17.5,9171.5,524.09,2,工作日
2026-01-07,中级,18.5,9993.0,540.16,2,工作日
2026-01-07,初级,12.5,6893.75,551.5,4,工作日
2026-01-07,预备,3.67,2033.33,554.55,3,工作日
2026-01-07,高级,12.0,6451.0,537.58,3,工作日
2026-01-08,中级,12.0,6941.33,578.44,3,工作日
2026-01-08,初级,11.75,6647.0,565.7,4,工作日
2026-01-08,预备,5.5,3534.0,642.55,2,工作日
2026-01-08,高级,8.75,4589.5,524.51,4,工作日
2026-01-09,中级,13.67,6680.67,488.83,3,工作日
2026-01-09,初级,10.25,6217.5,606.59,4,工作日
2026-01-09,预备,5.33,2953.33,553.75,3,工作日
2026-01-09,高级,19.0,11683.0,614.89,2,工作日
2026-01-10,中级,12.0,6600.0,550.0,2,周末
2026-01-10,初级,12.5,6752.0,540.16,4,周末
2026-01-10,预备,10.5,5885.0,560.48,2,周末
2026-01-10,高级,16.5,8974.0,543.88,4,周末
2026-01-11,中级,28.0,15360.0,548.57,1,周末
2026-01-11,初级,14.67,7472.67,509.5,3,周末
2026-01-11,预备,4.8,2430.0,506.25,5,周末
2026-01-11,高级,15.25,8090.5,530.52,4,周末
2026-01-12,中级,16.0,9200.0,575.0,2,工作日
2026-01-12,初级,13.33,7666.67,575.0,3,工作日
2026-01-12,预备,6.33,3390.0,535.26,3,工作日
2026-01-12,高级,13.67,7265.33,531.61,3,工作日
2026-01-13,中级,14.67,8076.0,550.64,3,工作日
2026-01-13,初级,14.0,8342.67,595.9,3,工作日
2026-01-13,预备,8.0,4435.0,554.38,2,工作日
2026-01-13,高级,8.33,4272.0,512.64,3,工作日
2026-01-14,中级,16.67,9296.67,557.8,3,工作日
2026-01-14,初级,14.33,6898.0,481.26,3,工作日
2026-01-14,预备,6.33,3346.67,528.42,3,工作日
2026-01-14,高级,12.0,6836.0,569.67,1,工作日
2026-01-15,中级,14.8,7979.2,539.14,5,工作日
2026-01-15,初级,13.33,7510.0,563.25,3,工作日
2026-01-15,预备,4.33,1910.0,440.77,3,工作日
2026-01-15,高级,14.0,6490.0,463.57,1,工作日
2026-01-16,中级,12.67,6764.0,534.0,3,工作日
2026-01-16,初级,11.5,6950.0,604.35,4,工作日
2026-01-16,预备,4.0,2440.0,610.0,2,工作日
2026-01-16,高级,18.0,10276.0,570.89,1,工作日
2026-01-17,中级,20.5,10639.0,518.98,2,周末
2026-01-17,初级,13.0,7013.33,539.49,3,周末
2026-01-17,预备,9.0,4587.5,509.72,4,周末
2026-01-17,高级,17.33,9148.67,527.81,3,周末
2026-01-18,中级,2.0,1180.0,590.0,1,周末
2026-01-18,初级,13.67,6150.0,450.0,3,周末
2026-01-18,预备,5.75,2809.5,488.61,4,周末
2026-01-18,高级,19.2,9800.8,510.46,5,周末
2026-01-19,中级,12.67,7274.67,574.32,3,工作日
2026-01-19,初级,13.67,6546.67,479.02,3,工作日
2026-01-19,预备,9.67,5613.33,580.69,3,工作日
2026-01-19,高级,18.5,9775.0,528.38,2,工作日
2026-01-20,中级,16.67,8891.33,533.48,3,工作日
2026-01-20,初级,12.5,6375.0,510.0,2,工作日
2026-01-20,预备,8.0,3996.67,499.58,3,工作日
2026-01-20,高级,13.5,7723.0,572.07,2,工作日
2026-01-21,中级,13.0,6969.33,536.1,3,工作日
2026-01-21,初级,13.0,6086.67,468.21,3,工作日
2026-01-21,预备,8.0,4245.0,530.62,2,工作日
2026-01-21,高级,14.67,5986.67,408.18,3,工作日
2026-01-22,中级,19.0,11978.0,630.42,1,工作日
2026-01-22,初级,12.2,6114.0,501.15,5,工作日
2026-01-22,预备,6.0,2726.0,454.33,3,工作日
2026-01-22,高级,16.0,8046.0,502.88,2,工作日
2026-01-23,中级,19.5,10155.0,520.77,2,工作日
2026-01-23,初级,13.67,6856.67,501.71,3,工作日
2026-01-23,预备,7.0,4055.0,579.29,2,工作日
2026-01-23,高级,15.5,7101.5,458.16,2,工作日
2026-01-24,中级,22.0,10631.33,483.24,3,周末
2026-01-24,初级,18.0,8598.0,477.67,1,周末
2026-01-24,预备,5.5,2487.5,452.27,4,周末
2026-01-24,高级,22.0,11667.33,530.33,3,周末
2026-01-25,中级,6.33,3076.67,485.79,3,周末
2026-01-25,初级,15.0,6885.33,459.02,3,周末
2026-01-25,预备,8.5,4099.5,482.29,4,周末
2026-01-25,高级,17.5,8778.5,501.63,4,周末
2026-01-26,中级,19.67,10595.33,538.75,3,工作日
2026-01-26,初级,14.5,7415.0,511.38,2,工作日
2026-01-26,预备,7.6,4213.6,554.42,5,工作日
2026-01-26,高级,22.0,13482.0,612.82,2,工作日
2026-01-27,中级,18.0,9199.0,511.06,2,工作日
2026-01-27,初级,14.0,7618.67,544.19,3,工作日
2026-01-27,预备,7.67,3984.67,519.74,3,工作日
2026-01-27,高级,14.5,8084.5,557.55,2,工作日
2026-01-28,中级,19.0,10018.0,527.26,1,工作日
2026-01-28,初级,15.33,8306.67,541.74,3,工作日
2026-01-28,预备,4.67,2309.33,494.86,3,工作日
2026-01-28,高级,27.5,14030.7,510.21,2,工作日
2026-01-29,中级,17.33,9188.0,530.08,3,工作日
2026-01-29,初级,14.0,7637.33,545.52,3,工作日
2026-01-29,预备,4.33,2226.67,513.85,3,工作日
2026-01-29,高级,8.5,4346.0,511.29,4,工作日
2026-01-30,中级,17.0,9122.0,536.59,2,工作日
2026-01-30,初级,13.0,8926.67,686.67,3,工作日
2026-01-30,预备,1.0,625.0,625.0,2,工作日
2026-01-30,高级,15.5,8163.0,526.65,2,工作日
2026-01-31,中级,22.0,10118.0,459.91,1,周末
2026-01-31,初级,14.0,8233.33,588.1,3,周末
2026-01-31,预备,6.0,2693.33,448.89,3,周末
2026-01-31,高级,14.0,7301.25,521.52,4,周末
