日期,医生等级,每日人均病例量,每日人均费用,每日费用病例比,该等级医生数量,日期性质
2023-10-14,中级,1.0,0.0,0.0,1,周六
2023-10-14,高级,4.0,0.0,0.0,2,周六
2023-10-16,中级,1.0,0.0,0.0,1,周一
2023-10-19,初级,2.0,0.0,0.0,1,周四
2023-10-19,中级,4.8,0.0,0.0,5,周四
2023-10-19,高级,2.8,0.0,0.0,5,周四
2023-10-20,初级,3.0,0.0,0.0,1,周五
2023-10-20,中级,7.0,0.0,0.0,2,周五
2023-10-20,高级,6.8,0.0,0.0,4,周五
2023-10-21,初级,1.0,0.0,0.0,1,周六
2023-10-21,中级,11.0,0.0,0.0,3,周六
2023-10-21,高级,8.4,0.0,0.0,5,周六
2023-10-22,初级,10.0,0.0,0.0,1,周日
2023-10-22,中级,11.7,0.0,0.0,3,周日
2023-10-22,高级,9.8,0.0,0.0,6,周日
2023-10-23,中级,10.0,0.0,0.0,2,周一
2023-10-23,高级,9.5,0.0,0.0,2,周一
2023-10-24,中级,6.0,0.0,0.0,2,周二
2023-10-24,高级,10.7,0.0,0.0,3,周二
2023-10-25,中级,9.3,660.0,70.7,3,周三
2023-10-25,高级,9.5,120.0,12.6,2,周三
2023-10-26,初级,11.0,3830.0,348.2,1,周四
2023-10-26,中级,10.5,4208.8,400.8,2,周四
2023-10-26,高级,13.7,6323.3,462.7,3,周四
2023-10-27,初级,6.0,2730.0,455.0,1,周五
2023-10-27,中级,11.7,6056.7,519.1,3,周五
2023-10-27,高级,12.0,7745.0,645.4,2,周五
2023-10-28,中级,11.3,5023.3,443.2,3,周六
2023-10-28,高级,9.2,4175.0,451.4,4,周六
2023-10-29,初级,8.0,4790.0,598.8,1,周日
2023-10-29,中级,9.4,5468.0,581.7,5,周日
2023-10-29,高级,9.8,5525.0,566.7,4,周日
2023-10-30,初级,9.0,3430.0,381.1,1,周一
2023-10-30,中级,10.3,4916.7,475.8,3,周一
2023-10-30,高级,4.5,2550.0,566.7,2,周一
2023-10-31,中级,9.8,3592.5,368.5,4,周二
2023-10-31,高级,10.5,6542.0,623.0,2,周二
2023-11-01,初级,7.0,3550.0,507.1,1,周三
2023-11-01,中级,10.3,5184.3,501.7,3,周三
2023-11-01,高级,20.5,10271.5,501.0,2,周三
2023-11-02,中级,10.2,5897.5,575.4,4,周四
2023-11-02,高级,18.0,10350.0,575.0,1,周四
2023-11-03,中级,12.5,4386.0,350.9,4,周五
2023-11-03,高级,10.0,5450.0,545.0,2,周五
2023-11-04,中级,8.8,3852.5,440.3,4,周六
2023-11-04,高级,10.8,5470.0,508.8,4,周六
2023-11-05,初级,8.0,4520.0,565.0,1,周日
2023-11-05,中级,12.0,4795.0,399.6,2,周日
2023-11-05,高级,10.8,4898.0,453.5,5,周日
2023-11-06,初级,3.0,1290.0,430.0,1,周一
2023-11-06,中级,6.5,3220.0,495.4,4,周一
2023-11-06,高级,6.7,2892.5,433.9,3,周一
2023-11-07,中级,8.8,3347.5,382.6,4,周二
2023-11-07,高级,14.0,7513.3,536.7,3,周二
2023-11-08,初级,6.0,3210.0,535.0,1,周三
2023-11-08,中级,9.0,4130.0,458.9,2,周三
2023-11-08,高级,11.0,4543.3,413.0,3,周三
2023-11-09,初级,6.0,2660.0,443.3,1,周四
2023-11-09,中级,6.3,2843.3,448.9,3,周四
2023-11-09,高级,11.7,4293.3,368.0,3,周四
2023-11-10,中级,8.7,4038.0,465.9,3,周五
2023-11-10,高级,10.5,4980.0,474.3,2,周五
2023-11-11,中级,11.7,6193.3,530.9,3,周六
2023-11-11,高级,8.8,3220.0,365.9,5,周六
2023-11-12,初级,6.0,2050.0,341.7,1,周日
2023-11-12,中级,9.7,4260.0,440.7,3,周日
2023-11-12,高级,10.0,4800.0,480.0,4,周日
2023-11-13,初级,2.0,560.0,280.0,1,周一
2023-11-13,中级,8.0,3746.7,468.3,3,周一
2023-11-13,高级,8.0,5230.0,653.8,2,周一
2023-11-14,初级,3.0,1310.0,436.7,1,周二
2023-11-14,中级,7.0,3405.0,486.4,4,周二
2023-11-14,高级,13.0,6782.0,521.7,2,周二
2023-11-15,中级,9.8,5560.0,570.3,4,周三
2023-11-15,高级,13.0,7485.0,575.8,2,周三
2023-11-16,中级,6.5,3445.0,530.0,4,周四
2023-11-16,高级,18.0,10755.0,597.5,2,周四
2023-11-17,中级,7.5,3502.8,467.0,4,周五
2023-11-17,高级,5.2,2792.2,537.0,5,周五
2023-11-18,中级,5.3,2283.3,428.1,3,周六
2023-11-18,高级,20.7,10660.0,515.8,3,周六
2023-11-19,初级,8.0,4540.0,567.5,1,周日
2023-11-19,中级,13.3,6760.0,507.0,3,周日
2023-11-19,高级,12.8,6366.0,497.3,5,周日
2023-11-20,初级,4.0,1870.0,467.5,1,周一
2023-11-20,中级,9.5,5125.0,539.5,2,周一
2023-11-20,高级,6.3,2730.0,431.1,3,周一
2023-11-21,初级,4.0,2530.0,632.5,1,周二
2023-11-21,中级,6.6,3446.0,522.1,5,周二
2023-11-21,高级,10.8,7382.5,686.7,4,周二
2023-11-22,中级,7.8,3310.0,424.4,5,周三
2023-11-22,高级,13.5,7510.0,556.3,2,周三
2023-11-23,中级,5.5,2832.5,515.0,4,周四
2023-11-23,高级,15.3,8496.7,554.1,3,周四
2023-11-24,中级,6.0,4106.0,684.3,5,周五
2023-11-24,高级,7.0,3101.0,443.0,4,周五
2023-11-25,中级,6.8,2990.0,443.0,4,周六
2023-11-25,高级,10.0,3625.0,362.5,4,周六
2023-11-26,初级,7.0,3090.0,441.4,1,周日
2023-11-26,中级,7.3,3330.0,454.1,3,周日
2023-11-26,高级,12.2,6250.0,512.3,5,周日
2023-11-27,初级,7.0,1940.0,277.1,1,周一
2023-11-27,中级,7.0,2952.5,421.8,4,周一
2023-11-27,高级,4.5,1785.0,396.7,2,周一
2023-11-28,初级,5.0,2370.0,474.0,1,周二
2023-11-28,中级,11.5,6092.5,529.8,4,周二
2023-11-28,高级,11.0,5470.0,497.3,3,周二
2023-11-29,初级,6.0,2590.0,431.7,1,周三
2023-11-29,中级,7.5,2550.0,340.0,2,周三
2023-11-29,高级,11.3,4636.7,409.1,3,周三
2023-11-30,中级,9.3,4040.0,432.9,3,周四
2023-11-30,高级,5.4,2658.0,492.2,5,周四
2023-12-01,中级,9.7,5480.0,566.9,3,周五
2023-12-01,高级,8.5,4100.0,482.4,2,周五
2023-12-02,中级,9.2,3847.5,415.9,4,周六
2023-12-02,高级,8.5,3570.0,420.0,2,周六
2023-12-03,中级,7.0,3810.0,544.3,1,周日
2023-12-03,高级,12.8,6563.3,511.4,6,周日
2023-12-04,初级,1.0,320.0,320.0,1,周一
2023-12-04,中级,7.0,3080.0,440.0,3,周一
2023-12-04,高级,12.0,6335.0,527.9,2,周一
2023-12-05,初级,6.0,1310.0,218.3,1,周二
2023-12-05,中级,15.0,8340.0,556.0,1,周二
2023-12-05,高级,9.8,4443.5,453.4,5,周二
2023-12-06,中级,9.3,5183.3,555.4,3,周三
2023-12-06,高级,16.0,5980.0,373.8,1,周三
2023-12-07,中级,8.5,5610.0,660.0,2,周四
2023-12-07,高级,13.5,4315.0,319.6,2,周四
2023-12-08,初级,1.0,0.0,0.0,1,周五
2023-12-08,中级,8.8,4600.0,525.7,4,周五
2023-12-08,高级,6.0,3067.5,511.2,4,周五
2023-12-09,初级,7.0,3400.0,485.7,1,周六
2023-12-09,中级,12.5,4495.0,359.6,2,周六
2023-12-09,高级,9.4,4678.0,497.7,5,周六
2023-12-10,中级,8.0,3920.0,490.0,3,周日
2023-12-10,高级,15.0,6815.0,454.3,4,周日
2023-12-11,初级,2.0,1260.0,630.0,1,周一
2023-12-11,中级,4.7,2620.0,561.4,3,周一
2023-12-11,高级,6.3,3580.0,565.3,3,周一
2023-12-12,中级,10.5,5305.0,505.2,2,周二
2023-12-12,高级,8.0,4287.5,535.9,4,周二
2023-12-13,中级,5.7,2833.3,500.0,3,周三
2023-12-13,高级,6.8,3587.5,531.5,4,周三
2023-12-14,中级,3.7,2363.3,644.5,3,周四
2023-12-14,高级,17.5,9590.0,548.0,2,周四
2023-12-15,中级,3.5,1532.5,437.9,4,周五
2023-12-15,高级,6.8,3050.0,451.9,4,周五
2023-12-16,初级,7.0,3420.0,488.6,1,周六
2023-12-16,中级,5.5,2852.5,518.6,4,周六
2023-12-16,高级,12.8,6052.5,474.7,4,周六
2023-12-17,中级,9.5,4300.0,452.6,4,周日
2023-12-17,高级,11.0,5246.0,476.9,5,周日
2023-12-18,初级,3.0,620.0,206.7,1,周一
2023-12-18,中级,6.3,3460.0,546.3,3,周一
2023-12-18,高级,7.2,3167.5,436.9,4,周一
2023-12-19,中级,8.2,3337.5,404.5,4,周二
2023-12-19,高级,10.3,6236.7,603.5,3,周二
2023-12-20,初级,7.0,3820.0,545.7,1,周三
2023-12-20,中级,6.0,3614.7,602.4,3,周三
2023-12-20,高级,10.0,4826.0,482.6,4,周三
2023-12-21,中级,8.7,5730.0,661.2,3,周四
2023-12-21,高级,9.0,3605.0,400.6,2,周四
2023-12-22,初级,2.0,710.0,355.0,1,周五
2023-12-22,中级,7.3,3100.0,422.7,3,周五
2023-12-22,高级,6.2,3612.5,578.0,4,周五
2023-12-23,中级,7.3,3113.3,424.5,3,周六
2023-12-23,高级,16.3,7650.0,468.4,3,周六
2023-12-24,中级,12.3,6096.7,494.3,3,周日
2023-12-24,高级,18.0,9630.0,535.0,3,周日
2023-12-25,初级,4.0,1300.0,325.0,1,周一
2023-12-25,中级,7.0,3535.0,505.0,2,周一
2023-12-25,高级,10.0,4926.7,492.7,3,周一
2023-12-26,中级,7.0,2700.0,385.7,1,周二
2023-12-26,高级,14.3,7383.3,515.1,3,周二
2023-12-27,中级,8.7,4240.0,489.2,3,周三
2023-12-27,高级,12.8,6677.5,523.7,4,周三
2023-12-28,中级,4.6,2424.0,527.0,5,周四
2023-12-28,高级,9.0,5140.0,571.1,2,周四
2023-12-29,中级,8.0,4047.5,505.9,4,周五
2023-12-29,高级,12.0,6073.3,506.1,3,周五
2023-12-30,初级,7.0,1900.0,271.4,1,周六
2023-12-30,中级,10.3,5320.0,514.8,3,周六
2023-12-30,高级,20.3,8133.3,400.0,3,周六
2023-12-31,初级,5.0,2310.0,462.0,1,周日
2023-12-31,中级,6.0,4400.0,733.3,1,周日
2023-12-31,高级,9.7,5730.0,592.8,3,周日
2024-01-01,中级,10.3,6416.7,621.0,3,周一
2024-01-01,高级,12.2,5565.0,454.3,4,周一
2024-01-02,中级,9.0,3755.0,417.2,2,周二
2024-01-02,高级,13.7,7456.7,545.6,3,周二
2024-01-03,中级,6.0,2499.2,416.5,3,周三
2024-01-03,高级,10.2,5750.0,561.0,4,周三
2024-01-04,初级,3.0,1410.0,470.0,1,周四
2024-01-04,中级,6.8,3707.5,549.3,4,周四
2024-01-04,高级,9.3,5500.0,589.3,3,周四
2024-01-05,初级,4.0,2530.0,632.5,1,周五
2024-01-05,中级,12.0,4820.0,401.7,3,周五
2024-01-05,高级,10.0,6172.5,617.2,4,周五
2024-01-06,初级,9.0,4020.0,446.7,1,周六
2024-01-06,中级,8.0,3080.0,385.0,2,周六
2024-01-06,高级,15.6,7066.0,452.9,5,周六
2024-01-07,初级,2.0,740.0,370.0,1,周日
2024-01-07,中级,8.7,3800.0,438.5,3,周日
2024-01-07,高级,15.4,8178.0,531.0,5,周日
2024-01-08,中级,10.5,4915.0,468.1,2,周一
2024-01-08,高级,7.2,3890.0,540.3,5,周一
2024-01-09,初级,9.0,4400.0,488.9,1,周二
2024-01-09,中级,6.5,3845.0,591.5,2,周二
2024-01-09,高级,9.3,5135.0,550.2,6,周二
2024-01-10,中级,8.0,3996.7,499.6,3,周三
2024-01-10,高级,11.0,5400.0,490.9,4,周三
2024-01-11,初级,7.0,4890.0,698.6,1,周四
2024-01-11,中级,9.2,5392.5,583.0,4,周四
2024-01-11,高级,18.0,9723.0,540.2,2,周四
2024-01-12,中级,14.0,6430.0,459.3,2,周五
2024-01-12,高级,10.7,5643.3,529.1,3,周五
2024-01-13,中级,10.0,4730.0,473.0,2,周六
2024-01-13,高级,17.8,8240.0,462.9,5,周六
2024-01-14,中级,8.6,4722.0,549.1,5,周日
2024-01-14,高级,21.0,10986.7,523.2,3,周日
2024-01-15,中级,7.0,3790.0,541.4,4,周一
2024-01-15,高级,11.0,6153.3,559.4,3,周一
2024-01-16,中级,6.7,3730.0,559.5,3,周二
2024-01-16,高级,9.2,4526.0,492.0,5,周二
2024-01-17,中级,10.0,4050.0,405.0,1,周三
2024-01-17,高级,10.3,4703.3,455.2,3,周三
2024-01-18,初级,1.0,810.0,810.0,1,周四
2024-01-18,中级,9.7,5153.3,533.1,3,周四
2024-01-18,高级,7.0,2890.0,412.9,3,周四
2024-01-19,初级,4.0,1450.0,362.5,1,周五
2024-01-19,中级,12.5,6540.0,523.2,2,周五
2024-01-19,高级,7.8,3956.0,507.2,5,周五
2024-01-20,初级,6.0,2080.0,346.7,1,周六
2024-01-20,中级,4.0,1970.0,492.5,1,周六
2024-01-20,高级,16.4,7120.0,434.1,5,周六
2024-01-21,中级,10.5,5995.0,571.0,2,周日
2024-01-21,高级,11.6,5892.0,507.9,5,周日
2024-01-22,中级,8.0,3486.7,435.8,3,周一
2024-01-22,高级,5.5,2472.5,449.5,4,周一
2024-01-23,初级,1.0,500.0,500.0,1,周二
2024-01-23,中级,10.5,4735.0,451.0,2,周二
2024-01-23,高级,14.3,7096.7,495.1,3,周二
2024-01-24,中级,9.5,5280.0,555.8,2,周三
2024-01-24,高级,8.8,4640.0,530.3,4,周三
2024-01-25,初级,1.0,140.0,140.0,1,周四
2024-01-25,中级,2.0,330.0,165.0,1,周四
2024-01-25,高级,17.2,7188.0,416.7,4,周四
2024-01-26,中级,9.5,5030.0,529.5,4,周五
2024-01-26,高级,10.5,4930.0,469.5,4,周五
2024-01-27,中级,10.8,5380.0,500.5,4,周六
2024-01-27,高级,15.2,7480.0,490.5,4,周六
2024-01-28,中级,6.2,3432.5,549.2,4,周日
2024-01-28,高级,12.4,6594.0,531.8,5,周日
2024-01-29,中级,10.0,3780.0,378.0,1,周一
2024-01-29,高级,7.5,3340.0,445.3,4,周一
2024-01-30,中级,5.0,2220.0,444.0,3,周二
2024-01-30,高级,14.0,11020.0,787.1,2,周二
2024-01-31,中级,8.7,4030.0,465.0,3,周三
2024-01-31,高级,13.0,5705.0,438.8,2,周三
2024-02-01,中级,10.8,5747.5,534.7,4,周四
2024-02-01,高级,14.3,8003.3,558.4,3,周四
2024-02-02,中级,8.0,3330.0,416.2,2,周五
2024-02-02,高级,10.8,5288.0,489.6,5,周五
2024-02-03,中级,9.8,4920.0,504.6,4,周六
2024-02-03,高级,13.0,6240.0,480.0,4,周六
2024-02-04,中级,11.3,5440.7,480.1,3,周日
2024-02-04,高级,9.3,4704.0,504.0,3,周日
2024-02-05,中级,5.4,2716.0,503.0,5,周一
2024-02-05,高级,13.3,5966.7,447.5,3,周一
2024-02-06,中级,5.0,2470.0,494.0,2,周二
2024-02-06,高级,12.2,6632.5,541.4,4,周二
2024-02-07,中级,3.0,1475.0,491.7,2,周三
2024-02-07,高级,8.5,3889.4,457.6,4,周三
2024-02-08,中级,3.5,1440.0,411.4,2,周四
2024-02-08,高级,9.5,4370.0,460.0,4,周四
2024-02-18,中级,13.0,5816.7,447.4,3,周日
2024-02-18,高级,11.0,5820.0,529.1,4,周日
2024-02-19,初级,7.0,1880.0,268.6,1,周一
2024-02-19,中级,11.0,4860.0,441.8,2,周一
2024-02-19,高级,15.5,7013.8,452.5,4,周一
2024-02-20,中级,12.0,8106.7,675.6,3,周二
2024-02-20,高级,12.4,6504.0,524.5,5,周二
2024-02-21,中级,5.3,2636.7,494.4,3,周三
2024-02-21,高级,12.7,6496.7,512.9,3,周三
2024-02-22,初级,6.0,2910.0,485.0,1,周四
2024-02-22,中级,11.0,5046.7,458.8,3,周四
2024-02-22,高级,14.2,6977.5,489.6,4,周四
2024-02-23,中级,12.3,7076.7,573.8,3,周五
2024-02-23,高级,15.0,6743.8,449.6,2,周五
2024-02-24,初级,5.0,2540.0,508.0,1,周六
2024-02-24,中级,11.3,5106.7,450.6,3,周六
2024-02-24,高级,16.0,8290.0,518.1,5,周六
2024-02-25,中级,9.8,4777.5,490.0,4,周日
2024-02-25,高级,16.0,8112.5,507.0,4,周日
2024-02-26,初级,8.0,4050.0,506.2,1,周一
2024-02-26,中级,6.5,2325.0,357.7,4,周一
2024-02-26,高级,12.0,6170.0,514.2,3,周一
2024-02-27,中级,9.0,4053.3,450.4,3,周二
2024-02-27,高级,9.2,4177.5,451.6,4,周二
2024-02-28,中级,8.3,4116.7,494.0,3,周三
2024-02-28,高级,16.0,7290.0,455.6,3,周三
2024-02-29,中级,7.2,3132.5,432.1,4,周四
2024-02-29,高级,10.0,4080.0,408.0,4,周四
2024-03-01,初级,7.0,2604.0,372.0,1,周五
2024-03-01,中级,14.0,7110.0,507.9,2,周五
2024-03-01,高级,8.4,3971.6,472.8,5,周五
2024-03-02,初级,10.0,3120.0,312.0,1,周六
2024-03-02,中级,11.4,5076.0,445.3,5,周六
2024-03-02,高级,14.8,6720.0,454.1,5,周六
2024-03-03,中级,10.5,5412.5,515.5,4,周日
2024-03-03,高级,13.8,6410.0,466.2,4,周日
2024-03-04,中级,5.3,2573.3,482.5,3,周一
2024-03-04,高级,12.0,5830.0,485.8,3,周一
2024-03-05,初级,7.0,3050.0,435.7,1,周二
2024-03-05,中级,5.3,2750.0,515.6,3,周二
2024-03-05,高级,12.8,5682.5,445.7,4,周二
2024-03-06,中级,9.2,5147.5,556.5,4,周三
2024-03-06,高级,14.8,7277.5,493.4,4,周三
2024-03-07,初级,7.0,4030.0,575.7,1,周四
2024-03-07,中级,8.0,3785.0,473.1,2,周四
2024-03-07,高级,11.0,5735.0,521.4,2,周四
2024-03-08,初级,7.0,2990.0,427.1,1,周五
2024-03-08,中级,8.0,4185.0,523.1,2,周五
2024-03-08,高级,12.2,5570.0,454.7,4,周五
2024-03-09,中级,9.2,4140.0,447.6,4,周六
2024-03-09,高级,11.2,5345.0,475.1,4,周六
2024-03-10,中级,9.5,5480.0,576.8,2,周日
2024-03-10,高级,17.2,8882.5,514.9,4,周日
2024-03-11,中级,13.0,5250.0,403.8,1,周一
2024-03-11,高级,10.3,4640.0,449.0,3,周一
2024-03-12,中级,9.3,5050.0,541.1,3,周二
2024-03-12,高级,12.0,6275.0,522.9,4,周二
2024-03-13,中级,10.0,4880.0,488.0,3,周三
2024-03-13,高级,12.3,6176.7,500.8,3,周三
2024-03-14,中级,13.5,6175.0,457.4,2,周四
2024-03-14,高级,8.8,4392.5,502.0,4,周四
2024-03-15,中级,9.5,5240.0,551.6,2,周五
2024-03-15,高级,11.0,5590.0,508.2,4,周五
2024-03-16,中级,9.7,4110.0,425.2,3,周六
2024-03-16,高级,11.2,5320.0,475.0,5,周六
2024-03-17,中级,13.5,6020.0,445.9,2,周日
2024-03-17,高级,17.0,8525.0,501.5,4,周日
2024-03-18,中级,7.3,4393.3,599.1,3,周一
2024-03-18,高级,12.0,6956.7,579.7,3,周一
2024-03-19,中级,7.0,4405.0,629.3,2,周二
2024-03-19,高级,9.2,5279.0,573.8,5,周二
2024-03-20,中级,12.0,5880.0,490.0,2,周三
2024-03-20,高级,15.7,7873.3,502.6,3,周三
2024-03-21,中级,11.0,4135.0,375.9,2,周四
2024-03-21,高级,9.3,4393.3,470.7,3,周四
2024-03-22,中级,6.0,3530.0,588.3,2,周五
2024-03-22,高级,10.4,5636.0,541.9,5,周五
2024-03-23,中级,12.5,6350.0,508.0,2,周六
2024-03-23,高级,13.8,7045.0,512.4,4,周六
2024-03-24,中级,7.3,4203.3,573.2,3,周日
2024-03-24,高级,11.3,5016.7,442.6,6,周日
2024-03-25,中级,7.7,3633.3,473.9,3,周一
2024-03-25,高级,10.2,4779.0,466.2,4,周一
2024-03-26,中级,8.7,4820.0,556.2,3,周二
2024-03-26,高级,17.3,8730.0,503.7,3,周二
2024-03-27,中级,8.5,4175.0,491.2,2,周三
2024-03-27,高级,12.3,6000.0,486.5,3,周三
2024-03-28,中级,6.8,3185.0,471.9,4,周四
2024-03-28,高级,9.5,4600.0,484.2,2,周四
2024-03-29,中级,8.0,4350.0,543.8,2,周五
2024-03-29,高级,10.0,4704.0,470.4,5,周五
2024-03-30,中级,10.3,4940.0,478.1,3,周六
2024-03-30,高级,16.0,6885.0,430.3,4,周六
2024-03-31,中级,16.5,9860.0,597.6,2,周日
2024-03-31,高级,18.4,10366.0,563.4,5,周日
2024-04-01,中级,4.3,1996.7,460.8,3,周一
2024-04-01,高级,11.0,5972.0,542.9,5,周一
2024-04-02,中级,19.0,10720.0,564.2,1,周二
2024-04-02,高级,9.2,4320.0,467.0,4,周二
2024-04-03,中级,16.5,7800.0,472.7,2,周三
2024-04-03,高级,9.5,4120.0,433.7,2,周三
2024-04-04,中级,10.8,6375.0,593.0,4,周四
2024-04-04,高级,18.7,10203.3,546.6,3,周四
2024-04-05,中级,9.0,4723.3,524.8,3,周五
2024-04-05,高级,16.0,7471.0,466.9,5,周五
2024-04-06,中级,18.5,8940.0,483.2,2,周六
2024-04-06,高级,11.8,6067.5,516.4,4,周六
2024-04-07,中级,13.0,6300.0,484.6,2,周日
2024-04-07,高级,9.3,4885.0,523.4,6,周日
2024-04-08,中级,9.0,5440.0,604.4,1,周一
2024-04-08,高级,15.0,7430.0,495.3,4,周一
2024-04-09,中级,15.0,6700.0,446.7,1,周二
2024-04-09,高级,12.0,5807.5,484.0,4,周二
2024-04-10,中级,12.0,5647.5,470.6,4,周三
2024-04-10,高级,9.3,4720.0,505.7,3,周三
2024-04-11,中级,10.3,6040.0,584.5,3,周四
2024-04-11,高级,6.3,3490.0,551.1,3,周四
2024-04-12,中级,5.0,2680.0,536.0,2,周五
2024-04-12,高级,19.3,9910.0,512.6,3,周五
2024-04-13,中级,13.0,6230.0,479.2,3,周六
2024-04-13,高级,14.0,7085.0,506.1,4,周六
2024-04-14,中级,19.0,8820.0,464.2,2,周日
2024-04-14,高级,14.2,6340.0,444.9,4,周日
2024-04-15,中级,8.8,4670.0,533.7,4,周一
2024-04-15,高级,15.8,7767.5,493.2,4,周一
2024-04-16,中级,14.3,6490.0,452.8,3,周二
2024-04-16,高级,9.8,5000.0,512.8,4,周二
2024-04-17,中级,13.3,6430.0,482.2,3,周三
2024-04-17,高级,12.3,5270.0,427.3,3,周三
2024-04-18,中级,14.3,7386.7,515.3,3,周四
2024-04-18,高级,11.3,6496.7,573.2,3,周四
2024-04-19,中级,12.0,6385.0,532.1,2,周五
2024-04-19,高级,10.2,5330.0,522.5,5,周五
2024-04-20,中级,13.5,6302.5,466.9,4,周六
2024-04-20,高级,16.8,7750.0,462.7,4,周六
2024-04-21,中级,9.2,5150.0,556.8,4,周日
2024-04-21,高级,12.7,5630.0,444.5,3,周日
2024-04-22,中级,7.8,3515.0,453.5,4,周一
2024-04-22,高级,11.3,6480.0,571.8,3,周一
2024-04-23,中级,8.2,4512.5,547.0,4,周二
2024-04-23,高级,10.2,5440.0,530.7,4,周二
2024-04-24,中级,13.0,7510.0,577.7,2,周三
2024-04-24,高级,23.5,11365.0,483.6,4,周三
2024-04-25,中级,14.7,7723.3,526.6,3,周四
2024-04-25,高级,8.8,4587.5,524.3,4,周四
2024-04-26,中级,17.0,8640.0,508.2,2,周五
2024-04-26,高级,9.5,4682.5,492.9,4,周五
2024-04-27,中级,15.3,7036.7,458.9,3,周六
2024-04-27,高级,13.8,7388.0,535.4,5,周六
2024-04-28,中级,17.0,8475.0,498.5,2,周日
2024-04-28,高级,13.0,6800.0,523.1,3,周日
2024-04-29,中级,13.7,7653.3,560.0,3,周一
2024-04-29,高级,12.5,6115.0,489.2,2,周一
2024-04-30,中级,11.0,5777.5,525.2,4,周二
2024-04-30,高级,9.0,4675.0,519.4,4,周二
2024-05-01,中级,13.3,6516.7,488.8,3,周三
2024-05-01,高级,17.0,8770.0,515.9,2,周三
2024-05-02,中级,11.0,5260.0,478.2,3,周四
2024-05-02,高级,14.0,6820.0,487.1,4,周四
2024-05-03,中级,8.6,4864.0,565.6,5,周五
2024-05-03,高级,13.5,6840.0,506.7,4,周五
2024-05-04,中级,10.7,4290.0,402.2,3,周六
2024-05-04,高级,25.5,11650.0,456.9,2,周六
2024-05-05,中级,16.0,6980.0,436.2,1,周日
2024-05-05,高级,20.4,9854.0,483.0,5,周日
2024-05-06,中级,12.0,6685.0,557.1,4,周一
2024-05-06,高级,15.0,7950.0,530.0,2,周一
2024-05-07,中级,17.7,8650.0,489.6,3,周二
2024-05-07,高级,12.2,6430.0,524.9,4,周二
2024-05-08,中级,12.5,5660.0,452.8,2,周三
2024-05-08,高级,13.8,6902.5,502.0,4,周三
2024-05-09,中级,15.0,7710.0,514.0,3,周四
2024-05-09,高级,13.0,6582.5,506.3,4,周四
2024-05-10,中级,11.3,6413.3,565.9,3,周五
2024-05-10,高级,12.8,6870.0,538.8,4,周五
2024-05-11,中级,13.3,6760.0,507.0,3,周六
2024-05-11,高级,12.2,6185.0,504.9,4,周六
2024-05-12,中级,16.0,7633.3,477.1,3,周日
2024-05-12,高级,24.3,12196.7,501.2,3,周日
2024-05-13,中级,14.8,6986.0,472.0,5,周一
2024-05-13,高级,7.7,4084.7,532.8,3,周一
2024-05-14,中级,10.5,5795.0,551.9,4,周二
2024-05-14,高级,14.8,8382.5,568.3,4,周二
2024-05-15,中级,9.6,5236.0,545.4,5,周三
2024-05-15,高级,10.0,5550.0,555.0,4,周三
2024-05-16,中级,11.8,6287.5,535.1,4,周四
2024-05-16,高级,5.0,2748.0,549.6,5,周四
2024-05-17,中级,9.7,5580.0,577.2,3,周五
2024-05-17,高级,13.5,7690.0,569.6,4,周五
2024-05-18,中级,11.0,5040.0,458.2,3,周六
2024-05-18,高级,15.6,7964.0,510.5,5,周六
2024-05-19,中级,17.0,8700.0,511.8,5,周日
2024-05-19,高级,16.3,8440.0,516.7,3,周日
2024-05-20,中级,9.7,4650.0,481.0,3,周一
2024-05-20,高级,15.3,7390.0,482.0,3,周一
2024-05-21,中级,17.5,8700.0,497.1,2,周二
2024-05-21,高级,11.6,6090.0,525.0,5,周二
2024-05-22,中级,7.0,3546.7,506.7,3,周三
2024-05-22,高级,14.5,7007.5,483.3,4,周三
2024-05-23,中级,13.0,5717.5,439.8,4,周四
2024-05-23,高级,6.2,3146.0,507.4,5,周四
2024-05-24,中级,12.5,6155.0,492.4,2,周五
2024-05-24,高级,16.3,8605.3,526.9,3,周五
2024-05-25,中级,11.7,6270.0,537.4,3,周六
2024-05-25,高级,16.3,7905.0,484.0,6,周六
2024-05-26,中级,15.5,7655.0,493.9,4,周日
2024-05-26,高级,11.2,6375.0,566.7,4,周日
2024-05-27,中级,9.0,4076.0,452.9,4,周一
2024-05-27,高级,18.8,9990.4,532.8,4,周一
2024-05-28,中级,12.7,6726.7,531.1,3,周二
2024-05-28,高级,14.2,7450.0,522.8,4,周二
2024-05-29,中级,11.8,6850.0,583.0,4,周三
2024-05-29,高级,10.5,6047.5,576.0,4,周三
2024-05-30,中级,11.4,4718.0,413.9,5,周四
2024-05-30,高级,14.0,6224.0,444.6,2,周四
2024-05-31,中级,12.0,6700.0,558.3,3,周五
2024-05-31,高级,11.2,5697.5,506.4,4,周五
2024-06-01,中级,8.8,4669.0,533.6,4,周六
2024-06-01,高级,14.8,8093.2,546.8,5,周六
2024-06-02,中级,9.5,4439.0,467.3,4,周日
2024-06-02,高级,16.8,9014.4,536.6,5,周日
2024-06-03,中级,18.2,10257.5,562.1,4,周一
2024-06-03,高级,7.0,3367.6,481.1,5,周一
2024-06-04,中级,15.3,9016.7,588.0,3,周二
2024-06-04,高级,14.5,8212.0,566.3,4,周二
2024-06-05,中级,16.7,8179.3,490.8,3,周三
2024-06-05,高级,8.0,4399.5,549.9,4,周三
2024-06-06,中级,16.5,8668.0,525.3,2,周四
2024-06-06,高级,9.8,4768.8,486.6,5,周四
2024-06-07,中级,10.2,5832.0,571.8,5,周五
2024-06-07,高级,15.0,8540.0,569.3,2,周五
2024-06-08,中级,12.3,5696.7,461.9,3,周六
2024-06-08,高级,15.4,8086.2,525.1,5,周六
2024-06-09,中级,20.5,10489.0,511.7,2,周日
2024-06-09,高级,15.2,7515.8,492.8,4,周日
2024-06-10,中级,15.7,8006.7,511.1,3,周一
2024-06-10,高级,12.2,5362.8,439.6,5,周一
2024-06-11,中级,12.0,7209.5,600.8,2,周二
2024-06-11,高级,11.8,6098.0,519.0,4,周二
2024-06-12,中级,16.3,7769.3,475.7,3,周三
2024-06-12,高级,11.5,5779.0,502.5,2,周三
2024-06-13,中级,13.0,6615.3,508.9,3,周四
2024-06-13,高级,14.0,7674.0,548.1,2,周四
2024-06-14,中级,8.8,4852.0,551.4,5,周五
2024-06-14,高级,18.5,9080.0,490.8,2,周五
2024-06-15,中级,9.7,5490.0,567.9,3,周六
2024-06-15,高级,22.8,11088.4,486.3,5,周六
2024-06-16,中级,22.0,10160.0,461.8,3,周日
2024-06-16,高级,9.2,4845.6,526.7,5,周日
2024-06-17,中级,11.7,5636.7,483.1,3,周一
2024-06-17,高级,4.0,2246.0,561.5,4,周一
2024-06-18,中级,14.3,8790.0,613.3,3,周二
2024-06-18,高级,15.2,7748.0,508.1,4,周二
2024-06-19,中级,12.0,5716.0,476.3,3,周三
2024-06-19,高级,6.2,3064.8,494.3,5,周三
2024-06-20,中级,12.5,5847.0,467.8,4,周四
2024-06-20,高级,14.6,7078.8,484.8,5,周四
2024-06-21,中级,7.2,4140.0,575.0,5,周五
2024-06-21,高级,15.4,8503.4,552.2,5,周五
2024-06-22,中级,13.3,6333.3,475.0,3,周六
2024-06-22,高级,18.0,8260.0,458.9,5,周六
2024-06-23,中级,12.7,6366.7,502.6,3,周日
2024-06-23,高级,15.0,7662.4,510.8,5,周日
2024-06-24,中级,10.3,5773.3,558.7,3,周一
2024-06-24,高级,19.0,10766.3,566.6,3,周一
2024-06-25,中级,13.8,7410.0,538.9,4,周二
2024-06-25,高级,6.2,3107.5,497.2,4,周二
2024-06-26,中级,14.8,7242.5,491.0,4,周三
2024-06-26,高级,9.0,4058.7,451.0,3,周三
2024-06-27,中级,13.3,6620.7,496.6,3,周四
2024-06-27,高级,8.5,4386.5,516.1,4,周四
2024-06-28,中级,13.3,7062.7,529.7,3,周五
2024-06-28,高级,13.6,6686.0,491.6,5,周五
2024-06-29,中级,10.6,5653.4,533.3,5,周六
2024-06-29,高级,13.0,6887.0,529.8,4,周六
2024-06-30,中级,7.3,3902.7,532.2,3,周日
2024-06-30,高级,18.8,10319.7,547.9,6,周日
2024-07-01,中级,10.0,5559.3,555.9,3,周一
2024-07-01,高级,17.3,9760.2,563.1,3,周一
2024-07-02,中级,14.7,8188.0,558.3,3,周二
2024-07-02,高级,14.3,8014.7,559.2,3,周二
2024-07-03,中级,15.7,8532.7,544.6,3,周三
2024-07-03,高级,15.0,7099.0,473.3,2,周三
2024-07-04,中级,10.0,5765.0,576.5,2,周四
2024-07-04,高级,17.8,8912.0,502.1,4,周四
2024-07-05,中级,13.0,7467.0,574.4,4,周五
2024-07-05,高级,10.0,5314.0,531.4,4,周五
2024-07-06,中级,9.5,4620.0,486.3,2,周六
2024-07-06,高级,16.2,8029.2,495.6,5,周六
2024-07-07,中级,11.0,5104.0,464.0,6,周日
2024-07-07,高级,20.3,10395.7,511.3,3,周日
2024-07-08,中级,9.3,4402.7,471.7,3,周一
2024-07-08,高级,13.8,7852.5,571.1,4,周一
2024-07-09,中级,13.6,7273.6,534.8,5,周二
2024-07-09,高级,13.3,6629.3,497.2,3,周二
2024-07-10,中级,11.8,5932.5,504.9,4,周三
2024-07-10,高级,20.5,9434.0,460.2,2,周三
2024-07-11,中级,11.3,5879.7,518.8,3,周四
2024-07-11,高级,8.0,4000.0,500.0,2,周四
2024-07-12,中级,11.2,6401.5,569.0,4,周五
2024-07-12,高级,15.0,8197.0,546.5,2,周五
2024-07-13,中级,18.3,9879.3,538.9,3,周六
2024-07-13,高级,14.7,7835.3,534.2,3,周六
2024-07-14,中级,20.5,10394.0,507.0,2,周日
2024-07-14,高级,12.6,6308.0,500.6,5,周日
2024-07-15,中级,8.7,5220.0,602.3,3,周一
2024-07-15,高级,13.0,7272.7,559.4,3,周一
2024-07-16,中级,9.0,4563.6,507.1,5,周二
2024-07-16,高级,6.0,2987.5,497.9,4,周二
2024-07-17,中级,17.0,8668.7,509.9,3,周三
2024-07-17,高级,8.4,4625.6,550.7,5,周三
2024-07-18,中级,7.0,3872.0,553.1,5,周四
2024-07-18,高级,8.7,4643.3,535.8,3,周四
2024-07-19,中级,13.0,7550.0,580.8,3,周五
2024-07-19,高级,9.2,5647.0,610.5,4,周五
2024-07-20,中级,22.0,12810.0,582.3,1,周六
2024-07-20,高级,23.0,12307.0,535.1,4,周六
2024-07-21,中级,8.5,4670.0,549.4,4,周日
2024-07-21,高级,22.8,11701.0,514.3,4,周日
2024-07-22,中级,13.5,7350.0,544.4,2,周一
2024-07-22,高级,14.0,7136.0,509.7,3,周一
2024-07-23,中级,12.3,6010.0,487.3,3,周二
2024-07-23,高级,9.8,5088.5,521.9,4,周二
2024-07-24,中级,10.7,4701.3,440.8,3,周三
2024-07-24,高级,5.7,3283.3,579.4,3,周三
2024-07-25,中级,8.8,5563.5,635.8,4,周四
2024-07-25,高级,9.5,4944.5,520.5,4,周四
2024-07-26,中级,17.0,8574.0,504.4,2,周五
2024-07-26,高级,9.8,5835.5,598.5,4,周五
2024-07-27,中级,19.5,10650.0,546.2,2,周六
2024-07-27,高级,18.0,9345.2,519.2,5,周六
2024-07-28,中级,11.2,5827.5,518.0,4,周日
2024-07-28,高级,15.8,8214.8,519.9,5,周日
2024-07-29,中级,12.7,6630.0,523.4,3,周一
2024-07-29,高级,11.2,6068.0,539.4,4,周一
2024-07-30,中级,10.5,5986.0,570.1,4,周二
2024-07-30,高级,9.7,5550.0,574.1,3,周二
2024-07-31,中级,12.2,6504.5,531.0,4,周三
2024-07-31,高级,14.0,6290.0,449.3,2,周三
2024-08-01,中级,9.3,4692.0,502.7,3,周四
2024-08-01,高级,18.7,9882.7,529.4,3,周四
2024-08-02,中级,13.5,6629.0,491.0,2,周五
2024-08-02,高级,9.0,4994.8,555.0,5,周五
2024-08-03,高级,21.0,10061.8,479.1,4,周六
2024-08-04,中级,15.0,8216.0,547.7,3,周日
2024-08-04,高级,13.4,6672.4,497.9,5,周日
2024-08-05,中级,11.5,5846.0,508.3,4,周一
2024-08-05,高级,12.0,7088.0,590.7,3,周一
2024-08-06,中级,12.8,6789.5,532.5,4,周二
2024-08-06,高级,15.0,7634.0,508.9,2,周二
2024-08-07,中级,12.3,6246.7,506.5,3,周三
2024-08-07,高级,7.2,3370.0,468.1,5,周三
2024-08-08,中级,8.2,3949.5,478.7,4,周四
2024-08-08,高级,14.0,6737.8,481.3,4,周四
2024-08-09,中级,10.2,5219.5,509.2,4,周五
2024-08-09,高级,8.7,3975.3,458.7,3,周五
2024-08-10,中级,16.0,7219.0,451.2,2,周六
2024-08-10,高级,16.5,8511.0,515.8,4,周六
2024-08-11,中级,21.0,10419.0,496.1,2,周日
2024-08-11,高级,14.7,7731.3,527.1,6,周日
2024-08-12,中级,16.0,8189.3,511.8,3,周一
2024-08-12,高级,10.0,4592.7,459.3,3,周一
2024-08-13,中级,15.3,7836.0,511.0,3,周二
2024-08-13,高级,12.5,6843.5,547.5,4,周二
2024-08-14,中级,9.5,5642.0,593.9,4,周三
2024-08-14,高级,6.5,2847.0,438.0,4,周三
2024-08-15,初级,2.0,790.0,395.0,1,周四
2024-08-15,中级,15.5,7819.0,504.5,2,周四
2024-08-15,高级,12.5,7199.0,575.9,2,周四
2024-08-16,中级,15.0,7772.0,518.1,3,周五
2024-08-16,高级,6.3,3343.3,527.9,3,周五
2024-08-17,中级,11.0,5554.0,504.9,2,周六
2024-08-17,高级,20.3,10117.7,497.6,3,周六
2024-08-18,中级,16.0,9750.0,609.4,1,周日
2024-08-18,高级,13.3,7368.9,554.6,7,周日
2024-08-19,初级,2.0,900.0,450.0,1,周一
2024-08-19,中级,11.7,6236.7,534.6,3,周一
2024-08-19,高级,7.2,4319.5,595.8,4,周一
2024-08-20,初级,6.0,1945.0,324.2,2,周二
2024-08-20,中级,10.0,4434.0,443.4,2,周二
2024-08-20,高级,10.2,4580.8,449.1,5,周二
2024-08-21,中级,9.2,4974.5,537.8,4,周三
2024-08-21,高级,18.0,9070.7,503.9,3,周三
2024-08-22,中级,16.7,9388.0,563.3,3,周四
2024-08-22,高级,12.3,5909.3,479.1,3,周四
2024-08-23,初级,2.0,520.0,260.0,1,周五
2024-08-23,中级,13.3,7166.0,537.5,3,周五
2024-08-23,高级,7.0,3990.0,570.0,3,周五
2024-08-24,中级,7.0,3338.0,476.9,5,周六
2024-08-24,高级,25.0,12949.5,518.0,4,周六
2024-08-25,初级,1.0,530.0,530.0,1,周日
2024-08-25,中级,19.0,9834.0,517.6,1,周日
2024-08-25,高级,15.2,8169.3,538.6,6,周日
2024-08-26,初级,1.0,260.0,260.0,1,周一
2024-08-26,中级,10.7,5698.7,534.2,3,周一
2024-08-26,高级,8.7,4384.7,505.9,3,周一
2024-08-27,中级,17.7,9423.3,533.4,3,周二
2024-08-27,高级,9.6,5557.2,578.9,5,周二
2024-08-28,初级,2.0,910.0,455.0,1,周三
2024-08-28,中级,16.0,7750.0,484.4,3,周三
2024-08-28,高级,6.2,2722.5,435.6,4,周三
2024-08-29,初级,2.0,620.0,310.0,2,周四
2024-08-29,中级,11.2,5244.5,466.2,4,周四
2024-08-29,高级,11.3,5426.7,478.8,3,周四
2024-08-30,中级,10.4,5678.0,546.0,5,周五
2024-08-30,高级,9.0,4644.0,516.0,4,周五
2024-08-31,初级,1.0,530.0,530.0,1,周六
2024-08-31,中级,24.0,12228.0,509.5,1,周六
2024-08-31,高级,20.7,11003.3,532.4,3,周六
2024-09-01,中级,18.3,8875.3,484.1,3,周日
2024-09-01,高级,11.5,5599.7,486.9,6,周日
2024-09-02,中级,14.0,7776.0,555.4,3,周一
2024-09-02,高级,17.0,9244.0,543.8,2,周一
2024-09-03,初级,2.0,765.0,382.5,2,周二
2024-09-03,中级,16.0,8337.0,521.1,2,周二
2024-09-03,高级,14.0,7168.0,512.0,2,周二
2024-09-04,初级,1.0,530.0,530.0,1,周三
2024-09-04,中级,20.0,10410.0,520.5,1,周三
2024-09-04,高级,20.3,10978.0,539.9,3,周三
2024-09-05,初级,3.0,1660.0,553.3,1,周四
2024-09-05,中级,16.0,7835.0,489.7,2,周四
2024-09-05,高级,15.3,7878.0,513.8,3,周四
2024-09-06,中级,14.2,7321.5,513.8,4,周五
2024-09-06,高级,8.2,3898.5,472.5,4,周五
2024-09-07,中级,12.0,6790.7,565.9,3,周六
2024-09-07,高级,16.4,8878.8,541.4,5,周六
2024-09-08,中级,20.0,11420.0,571.0,1,周日
2024-09-08,高级,20.5,10577.0,516.0,4,周日
2024-09-09,初级,1.0,340.0,340.0,1,周一
2024-09-09,中级,15.5,7371.5,475.6,2,周一
2024-09-09,高级,8.0,4322.5,540.3,4,周一
2024-09-10,中级,14.0,7020.0,501.4,2,周二
2024-09-10,高级,13.2,7130.8,540.2,5,周二
2024-09-11,初级,5.0,2140.0,428.0,1,周三
2024-09-11,中级,13.5,6953.0,515.0,2,周三
2024-09-11,高级,11.4,5983.2,524.8,5,周三
2024-09-12,初级,3.0,1400.0,466.7,1,周四
2024-09-12,中级,11.7,6217.6,532.9,3,周四
2024-09-12,高级,11.5,4920.0,427.8,2,周四
2024-09-13,初级,3.0,640.0,213.3,1,周五
2024-09-13,中级,9.0,4664.8,518.3,5,周五
2024-09-13,高级,10.5,5428.5,517.0,4,周五
2024-09-14,中级,12.2,6202.0,506.3,4,周六
2024-09-14,高级,10.4,5065.2,487.0,5,周六
2024-09-15,中级,16.5,9164.5,555.4,4,周日
2024-09-15,高级,14.3,7370.7,514.2,3,周日
2024-09-16,初级,4.0,2150.0,537.5,1,周一
2024-09-16,中级,8.2,4292.5,520.3,4,周一
2024-09-16,高级,12.2,6185.7,508.4,6,周一
2024-09-17,中级,12.8,6137.5,481.4,4,周二
2024-09-17,高级,5.2,2899.8,552.3,4,周二
2024-09-18,初级,1.5,955.0,636.7,2,周三
2024-09-18,中级,11.3,6303.3,556.2,3,周三
2024-09-18,高级,12.3,5368.7,435.3,3,周三
2024-09-19,初级,3.0,1630.0,543.3,1,周四
2024-09-19,中级,15.7,8648.0,552.0,3,周四
2024-09-19,高级,10.5,4919.5,468.5,4,周四
2024-09-20,初级,5.0,1660.0,332.0,1,周五
2024-09-20,中级,12.8,7506.5,588.7,4,周五
2024-09-20,高级,9.7,4858.7,502.6,3,周五
2024-09-21,中级,16.5,7746.5,469.5,4,周六
2024-09-21,高级,11.0,5024.5,456.8,4,周六
2024-09-22,中级,14.8,7359.0,498.9,4,周日
2024-09-22,高级,16.4,7850.4,478.7,5,周日
2024-09-23,初级,4.0,1720.0,430.0,1,周一
2024-09-23,中级,11.7,6483.3,555.7,3,周一
2024-09-23,高级,11.0,6011.3,546.5,3,周一
2024-09-24,中级,12.5,6120.5,489.6,4,周二
2024-09-24,高级,15.0,7588.0,505.9,2,周二
2024-09-25,初级,3.0,980.0,326.7,1,周三
2024-09-25,中级,6.5,2855.0,439.2,6,周三
2024-09-25,高级,10.3,4846.0,469.0,3,周三
2024-09-26,初级,1.0,380.0,380.0,1,周四
2024-09-26,中级,11.8,5639.2,477.9,5,周四
2024-09-26,高级,10.0,5196.5,519.6,4,周四
2024-09-27,初级,6.0,2640.0,440.0,1,周五
2024-09-27,中级,9.8,5152.0,528.4,4,周五
2024-09-27,高级,6.3,2809.3,443.6,3,周五
2024-09-28,中级,12.5,5009.0,400.7,2,周六
2024-09-28,高级,24.2,12370.2,510.1,4,周六
2024-09-29,中级,19.0,11030.0,580.5,2,周日
2024-09-29,高级,11.5,5875.3,510.9,6,周日
2024-09-30,初级,3.0,1730.0,576.7,1,周一
2024-09-30,中级,10.3,4733.8,458.1,3,周一
2024-09-30,高级,11.0,5641.0,512.8,4,周一
2024-10-01,初级,2.0,670.0,335.0,1,周二
2024-10-01,中级,13.3,7005.3,525.4,3,周二
2024-10-01,高级,17.0,8622.7,507.2,3,周二
2024-10-02,初级,5.0,2360.0,472.0,1,周三
2024-10-02,中级,12.0,5247.0,437.2,4,周三
2024-10-02,高级,12.0,5726.7,477.2,3,周三
2024-10-03,初级,3.0,870.0,290.0,1,周四
2024-10-03,中级,18.5,9180.5,496.2,2,周四
2024-10-03,高级,11.2,5330.5,473.8,4,周四
2024-10-04,初级,1.0,340.0,340.0,1,周五
2024-10-04,中级,15.5,7951.0,513.0,2,周五
2024-10-04,高级,13.5,6334.0,469.2,4,周五
2024-10-05,初级,1.0,260.0,260.0,1,周六
2024-10-05,中级,9.7,5053.3,522.8,3,周六
2024-10-05,高级,11.2,5120.3,458.5,6,周六
2024-10-06,中级,12.0,6316.7,526.4,3,周日
2024-10-06,高级,20.7,9124.7,441.5,3,周日
2024-10-07,初级,3.0,1380.0,460.0,1,周一
2024-10-07,中级,9.2,4992.5,539.7,4,周一
2024-10-07,高级,7.8,4022.5,519.0,4,周一
2024-10-08,初级,4.0,2010.0,502.5,1,周二
2024-10-08,中级,14.3,6946.7,484.7,3,周二
2024-10-08,高级,8.5,3669.0,431.6,4,周二
2024-10-09,初级,2.5,1515.0,606.0,2,周三
2024-10-09,中级,16.0,8783.3,549.0,3,周三
2024-10-09,高级,10.0,5167.3,516.7,3,周三
2024-10-10,中级,13.0,7149.0,549.9,2,周四
2024-10-10,高级,10.3,5134.7,496.9,3,周四
2024-10-11,初级,7.0,3450.0,492.9,1,周五
2024-10-11,中级,15.3,8187.3,534.0,3,周五
2024-10-11,高级,17.5,9265.5,529.5,2,周五
2024-10-12,初级,6.0,2910.0,485.0,1,周六
2024-10-12,中级,21.0,11420.0,543.8,3,周六
2024-10-12,高级,22.7,11534.7,508.9,3,周六
2024-10-13,中级,19.7,10529.3,535.4,3,周日
2024-10-13,高级,24.3,12661.7,520.3,3,周日
2024-10-14,初级,4.0,1730.0,432.5,1,周一
2024-10-14,中级,11.8,6290.5,535.4,4,周一
2024-10-14,高级,11.0,5010.3,455.5,3,周一
2024-10-15,初级,4.0,1820.0,455.0,1,周二
2024-10-15,中级,13.7,7049.3,515.8,3,周二
2024-10-15,高级,9.8,5208.4,531.5,5,周二
2024-10-16,初级,4.5,1940.0,431.1,2,周三
2024-10-16,中级,12.7,6606.7,521.6,3,周三
2024-10-16,高级,23.7,12342.0,521.5,3,周三
2024-10-17,初级,3.0,1750.0,583.3,1,周四
2024-10-17,中级,12.5,6540.0,523.2,2,周四
2024-10-17,高级,7.5,4434.5,591.3,4,周四
2024-10-18,初级,8.0,4460.0,557.5,1,周五
2024-10-18,中级,9.5,5635.0,593.2,4,周五
2024-10-18,高级,9.0,4302.4,478.0,5,周五
2024-10-19,中级,14.8,7349.5,498.3,4,周六
2024-10-19,高级,15.0,7732.5,515.5,4,周六
2024-10-20,初级,3.0,1590.0,530.0,1,周日
2024-10-20,中级,15.0,7725.3,515.0,3,周日
2024-10-20,高级,23.8,10886.0,458.4,4,周日
2024-10-21,初级,4.5,1865.0,414.4,2,周一
2024-10-21,中级,10.5,5245.0,499.5,4,周一
2024-10-21,高级,9.0,4959.5,551.1,4,周一
2024-10-22,初级,4.0,2370.0,592.5,1,周二
2024-10-22,中级,12.0,5984.0,498.7,4,周二
2024-10-22,高级,15.3,6623.3,432.0,3,周二
2024-10-23,初级,3.0,1290.0,430.0,2,周三
2024-10-23,中级,17.0,7972.0,468.9,3,周三
2024-10-23,高级,6.0,3277.3,546.2,3,周三
2024-10-24,初级,4.0,1760.0,440.0,1,周四
2024-10-24,中级,13.0,6140.0,472.3,2,周四
2024-10-24,高级,11.2,5759.0,511.9,4,周四
2024-10-25,中级,14.5,6875.0,474.1,2,周五
2024-10-25,高级,14.7,7277.9,496.2,3,周五
2024-10-26,中级,13.5,6974.5,516.6,4,周六
2024-10-26,高级,12.8,6435.0,502.7,5,周六
2024-10-27,初级,3.0,1310.0,436.7,1,周日
2024-10-27,中级,13.3,6146.0,460.9,3,周日
2024-10-27,高级,24.0,12618.0,525.8,4,周日
2024-10-28,中级,14.5,7629.0,526.1,2,周一
2024-10-28,高级,7.6,3612.8,475.4,5,周一
2024-10-29,初级,3.5,1685.0,481.4,2,周二
2024-10-29,中级,15.3,7165.3,467.3,3,周二
2024-10-29,高级,11.0,4780.0,434.5,3,周二
2024-10-30,中级,13.0,6695.0,515.0,2,周三
2024-10-30,高级,18.3,9325.3,508.7,3,周三
2024-10-31,初级,8.0,3630.0,453.8,1,周四
2024-10-31,中级,15.5,7878.0,508.3,4,周四
2024-10-31,高级,13.7,7223.7,528.6,3,周四
2024-11-01,初级,3.3,1683.3,505.0,3,周五
2024-11-01,中级,18.5,8497.0,459.3,2,周五
2024-11-01,高级,8.6,4692.0,545.6,5,周五
2024-11-02,初级,5.0,2260.0,452.0,1,周六
2024-11-02,中级,18.3,9803.3,534.7,3,周六
2024-11-02,高级,17.0,9369.0,551.1,4,周六
2024-11-03,初级,5.0,2470.0,494.0,1,周日
2024-11-03,中级,11.3,5633.3,497.1,3,周日
2024-11-03,高级,18.0,9513.6,528.5,5,周日
2024-11-04,中级,14.7,7986.7,544.5,3,周一
2024-11-04,高级,13.3,7122.5,534.2,3,周一
2024-11-05,初级,4.0,2650.0,662.5,1,周二
2024-11-05,中级,10.5,4941.5,470.6,4,周二
2024-11-05,高级,11.0,4835.3,439.6,3,周二
2024-11-06,初级,9.0,4869.0,541.0,2,周三
2024-11-06,中级,14.3,7246.0,505.5,3,周三
2024-11-06,高级,9.3,5669.3,607.4,3,周三
2024-11-07,初级,6.0,4178.0,696.3,1,周四
2024-11-07,中级,11.5,6241.5,542.7,4,周四
2024-11-07,高级,13.5,6269.0,464.4,2,周四
2024-11-08,初级,7.0,2980.0,425.7,1,周五
2024-11-08,中级,17.7,8153.3,461.5,3,周五
2024-11-08,高级,13.7,6379.2,466.8,3,周五
2024-11-09,中级,10.0,4555.0,455.5,2,周六
2024-11-09,高级,13.0,6355.5,488.9,4,周六
2024-11-10,初级,3.5,1205.0,344.3,2,周日
2024-11-10,中级,15.5,8220.0,530.3,2,周日
2024-11-10,高级,15.2,7669.3,505.7,6,周日
2024-11-11,初级,7.0,3110.0,444.3,1,周一
2024-11-11,中级,16.7,8650.0,519.0,3,周一
2024-11-11,高级,17.0,7776.0,457.4,2,周一
2024-11-12,初级,3.0,1840.0,613.3,1,周二
2024-11-12,中级,16.0,9622.7,601.4,3,周二
2024-11-12,高级,10.0,4729.5,472.9,4,周二
2024-11-13,初级,4.0,2360.0,590.0,1,周三
2024-11-13,中级,11.8,5502.5,468.3,4,周三
2024-11-13,高级,11.0,4603.8,418.5,3,周三
2024-11-14,初级,4.0,2450.0,612.5,1,周四
2024-11-14,中级,13.5,6795.5,503.4,4,周四
2024-11-14,高级,12.0,6336.0,528.0,3,周四
2024-11-15,初级,3.5,1685.0,481.4,2,周五
2024-11-15,中级,10.8,5469.5,508.8,4,周五
2024-11-15,高级,8.4,4162.6,495.5,5,周五
2024-11-16,初级,7.0,3548.0,506.9,1,周六
2024-11-16,中级,14.2,7906.0,554.8,4,周六
2024-11-16,高级,23.7,12058.0,509.5,3,周六
2024-11-17,中级,7.5,3225.0,430.0,4,周日
2024-11-17,高级,20.4,9602.8,470.7,5,周日
2024-11-18,初级,3.0,1625.0,541.7,2,周一
2024-11-18,中级,14.3,7385.3,515.3,3,周一
2024-11-18,高级,7.0,3712.0,530.3,4,周一
2024-11-19,中级,16.3,8070.0,494.1,3,周二
2024-11-19,高级,11.3,5728.7,505.5,3,周二
2024-11-20,中级,11.2,5473.2,488.7,5,周三
2024-11-20,高级,21.5,8605.0,400.2,2,周三
2024-11-21,初级,8.0,4145.0,518.1,2,周四
2024-11-21,中级,10.8,5602.5,521.2,4,周四
2024-11-21,高级,17.5,8908.2,509.0,2,周四
2024-11-22,初级,3.0,1820.0,606.7,1,周五
2024-11-22,中级,13.0,6990.0,537.7,3,周五
2024-11-22,高级,11.3,5012.7,442.3,3,周五
2024-11-23,初级,2.5,1260.0,504.0,2,周六
2024-11-23,中级,19.7,10606.7,539.3,3,周六
2024-11-23,高级,28.0,14636.0,522.7,3,周六
2024-11-24,初级,5.0,2230.0,446.0,1,周日
2024-11-24,中级,10.7,5360.0,502.5,3,周日
2024-11-24,高级,12.5,5982.7,478.6,6,周日
2024-11-25,初级,9.0,4758.0,528.7,1,周一
2024-11-25,中级,14.7,7595.3,517.9,3,周一
2024-11-25,高级,10.3,4894.7,473.7,3,周一
2024-11-26,初级,2.0,1850.0,925.0,1,周二
2024-11-26,中级,10.4,4908.0,471.9,5,周二
2024-11-26,高级,9.7,4692.0,485.4,3,周二
2024-11-27,初级,6.0,3608.0,601.3,1,周三
2024-11-27,中级,11.8,5986.2,509.5,4,周三
2024-11-27,高级,17.5,8212.0,469.3,2,周三
2024-11-28,初级,6.0,3400.0,566.7,1,周四
2024-11-28,中级,17.0,7294.0,429.1,2,周四
2024-11-28,高级,9.7,4810.0,497.6,3,周四
2024-11-29,初级,7.0,3665.0,523.6,2,周五
2024-11-29,中级,11.3,6222.7,549.1,3,周五
2024-11-29,高级,12.2,6151.8,504.2,5,周五
2024-11-30,初级,1.0,590.0,590.0,1,周六
2024-11-30,中级,17.2,7635.0,442.6,4,周六
2024-11-30,高级,10.2,4586.0,449.6,5,周六
2024-12-01,初级,6.0,3590.0,598.3,1,周日
2024-12-01,中级,11.0,5759.0,523.5,4,周日
2024-12-01,高级,18.8,9311.5,496.6,4,周日
2024-12-02,初级,4.0,1880.0,470.0,3,周一
2024-12-02,中级,12.3,6966.7,564.9,3,周一
2024-12-02,高级,9.3,4836.0,518.1,3,周一
2024-12-03,中级,11.7,5120.7,438.9,3,周二
2024-12-03,高级,11.0,4966.0,451.5,4,周二
2024-12-04,初级,8.0,4780.0,597.5,1,周三
2024-12-04,中级,18.3,9373.3,511.3,3,周三
2024-12-04,高级,14.3,7236.0,504.8,3,周三
2024-12-05,初级,6.3,3260.0,514.7,3,周四
2024-12-05,中级,14.7,8143.3,555.2,3,周四
2024-12-05,高级,10.3,5252.7,508.3,3,周四
2024-12-06,初级,5.0,2596.7,519.3,3,周五
2024-12-06,中级,15.7,7661.0,489.0,3,周五
2024-12-06,高级,8.2,3802.5,460.9,4,周五
2024-12-07,初级,7.5,4405.0,587.3,2,周六
2024-12-07,中级,7.5,4275.0,570.0,2,周六
2024-12-07,高级,27.8,15046.5,542.2,4,周六
2024-12-08,中级,21.5,10954.0,509.5,2,周日
2024-12-08,高级,16.4,8347.2,509.0,5,周日
2024-12-09,初级,7.0,3605.0,515.0,2,周一
2024-12-09,中级,17.5,10029.0,573.1,2,周一
2024-12-09,高级,11.2,5861.5,521.0,4,周一
2024-12-10,中级,12.0,5867.0,488.9,4,周二
2024-12-10,高级,7.2,3458.2,477.0,4,周二
2024-12-11,初级,7.0,3599.0,514.1,2,周三
2024-12-11,中级,20.0,9532.0,476.6,3,周三
2024-12-11,高级,9.0,4172.0,463.6,4,周三
2024-12-12,初级,6.0,2523.3,420.6,3,周四
2024-12-12,中级,11.0,4946.7,449.7,3,周四
2024-12-12,高级,12.0,5140.0,428.3,3,周四
2024-12-13,初级,7.7,4400.0,573.9,3,周五
2024-12-13,中级,19.0,10340.0,544.2,2,周五
2024-12-13,高级,9.8,4841.5,496.6,4,周五
2024-12-14,中级,10.0,4310.0,431.0,2,周六
2024-12-14,高级,19.0,9480.0,498.9,5,周六
2024-12-15,中级,11.3,6402.7,564.9,3,周日
2024-12-15,高级,15.4,8216.0,533.5,5,周日
2024-12-16,初级,6.5,2710.0,416.9,2,周一
2024-12-16,中级,19.0,9020.0,474.7,2,周一
2024-12-16,高级,12.3,5344.7,433.4,3,周一
2024-12-17,初级,8.0,4710.0,588.8,1,周二
2024-12-17,中级,12.8,6934.0,543.8,4,周二
2024-12-17,高级,9.2,4442.0,480.2,4,周二
2024-12-18,初级,9.0,5040.0,560.0,1,周三
2024-12-18,中级,17.3,9719.3,560.7,3,周三
2024-12-18,高级,21.0,11177.0,532.2,2,周三
2024-12-19,初级,8.0,3780.0,472.5,1,周四
2024-12-19,中级,9.0,4342.5,482.5,4,周四
2024-12-19,高级,10.7,5040.3,472.5,3,周四
2024-12-20,初级,6.0,3515.0,585.8,2,周五
2024-12-20,中级,9.3,4783.3,512.5,3,周五
2024-12-20,高级,8.0,4243.0,530.4,4,周五
2024-12-21,中级,14.2,6919.5,485.6,4,周六
2024-12-21,高级,21.5,10146.0,471.9,4,周六
2024-12-22,初级,6.0,3830.0,638.3,1,周日
2024-12-22,中级,14.0,8396.0,599.7,3,周日
2024-12-22,高级,19.5,10235.0,524.9,4,周日
2024-12-23,初级,9.0,4230.0,470.0,1,周一
2024-12-23,中级,11.0,5710.0,519.1,3,周一
2024-12-23,高级,7.8,4225.0,545.2,4,周一
2024-12-24,初级,9.0,4470.0,496.7,1,周二
2024-12-24,中级,17.3,8400.0,484.6,3,周二
2024-12-24,高级,16.5,8380.0,507.9,2,周二
2024-12-25,初级,10.0,4658.0,465.8,1,周三
2024-12-25,中级,14.7,7542.7,514.3,3,周三
2024-12-25,高级,13.3,6484.0,486.3,3,周三
2024-12-26,初级,9.0,4320.0,480.0,1,周四
2024-12-26,中级,13.7,6662.0,487.5,3,周四
2024-12-26,高级,12.0,6178.3,514.9,3,周四
2024-12-27,初级,7.0,3290.0,470.0,1,周五
2024-12-27,中级,14.7,6712.7,457.7,3,周五
2024-12-27,高级,7.0,3804.0,543.4,4,周五
2024-12-28,初级,11.0,4810.0,437.3,1,周六
2024-12-28,中级,13.5,6624.5,490.7,4,周六
2024-12-28,高级,26.0,12909.3,496.5,3,周六
2024-12-29,初级,5.3,2481.3,465.2,3,周日
2024-12-29,中级,13.5,6920.0,512.6,4,周日
2024-12-29,高级,16.3,8445.3,517.1,3,周日
2024-12-30,初级,8.0,4580.0,572.5,1,周一
2024-12-30,中级,12.0,6186.7,515.6,3,周一
2024-12-30,高级,7.8,4382.0,565.4,4,周一
2024-12-31,初级,4.7,2286.7,490.0,3,周二
2024-12-31,中级,7.0,3253.3,464.8,3,周二
2024-12-31,高级,7.0,2902.7,414.7,3,周二
2025-01-01,初级,6.5,3330.0,512.3,2,周三
2025-01-01,中级,14.3,6433.3,448.8,3,周三
2025-01-01,高级,16.3,9234.7,565.4,3,周三
2025-01-02,初级,6.7,3546.7,532.0,3,周四
2025-01-02,中级,12.7,6646.7,524.7,3,周四
2025-01-02,高级,16.7,8673.0,520.4,3,周四
2025-01-03,初级,5.0,2340.0,468.0,2,周五
2025-01-03,中级,9.0,4441.9,493.5,5,周五
2025-01-03,高级,12.0,6489.6,540.8,3,周五
2025-01-04,初级,12.0,7970.0,664.2,1,周六
2025-01-04,中级,18.0,8760.0,486.7,2,周六
2025-01-04,高级,16.2,8890.8,548.8,5,周六
2025-01-05,初级,1.0,860.0,860.0,1,周日
2025-01-05,中级,12.5,6650.0,532.0,2,周日
2025-01-05,高级,19.6,10535.6,537.5,5,周日
2025-01-06,初级,4.0,2023.3,505.8,3,周一
2025-01-06,中级,17.0,7960.0,468.2,2,周一
2025-01-06,高级,13.3,6648.7,498.6,3,周一
2025-01-07,初级,4.5,1985.0,441.1,2,周二
2025-01-07,中级,11.0,5254.5,477.7,4,周二
2025-01-07,高级,13.0,5422.3,417.1,3,周二
2025-01-08,初级,5.3,2632.7,493.6,3,周三
2025-01-08,中级,13.0,6248.0,480.6,3,周三
2025-01-08,高级,11.3,6166.0,544.1,3,周三
2025-01-09,初级,7.3,4139.3,564.5,3,周四
2025-01-09,中级,18.0,10174.7,565.3,3,周四
2025-01-09,高级,15.2,7875.5,516.4,4,周四
2025-01-10,初级,7.0,4320.0,617.1,2,周五
2025-01-10,中级,13.3,7556.7,566.8,3,周五
2025-01-10,高级,8.2,4947.8,599.7,4,周五
2025-01-11,初级,4.5,2100.0,466.7,2,周六
2025-01-11,中级,19.0,11453.0,602.8,2,周六
2025-01-11,高级,24.8,12662.5,511.6,4,周六
2025-01-12,初级,4.0,2600.0,650.0,1,周日
2025-01-12,中级,15.3,8338.7,543.8,3,周日
2025-01-12,高级,23.2,12094.5,520.2,4,周日
2025-01-13,初级,2.0,1210.0,605.0,1,周一
2025-01-13,中级,10.4,5169.2,497.0,5,周一
2025-01-13,高级,11.0,5328.7,484.4,3,周一
2025-01-14,初级,6.2,3122.5,499.6,4,周二
2025-01-14,中级,10.4,5064.8,487.0,5,周二
2025-01-14,高级,15.3,7203.3,469.8,3,周二
2025-01-15,初级,7.0,3580.0,511.4,3,周三
2025-01-15,中级,10.0,4624.0,462.4,5,周三
2025-01-15,高级,18.3,9168.9,500.1,3,周三
2025-01-16,初级,7.5,3407.5,454.3,4,周四
2025-01-16,中级,13.3,5850.0,438.8,3,周四
2025-01-16,高级,16.0,8243.5,515.2,2,周四
2025-01-17,初级,9.0,4020.0,446.7,2,周五
2025-01-17,中级,16.0,8069.0,504.3,2,周五
2025-01-17,高级,8.8,4072.0,465.4,4,周五
2025-01-18,初级,10.0,3800.0,380.0,1,周六
2025-01-18,中级,15.0,8198.7,546.6,3,周六
2025-01-18,高级,21.3,10085.3,472.8,3,周六
2025-01-19,中级,12.6,6277.2,498.2,5,周日
2025-01-19,高级,14.5,7654.0,527.9,4,周日
2025-01-20,初级,6.8,3242.0,480.3,4,周一
2025-01-20,中级,13.8,6727.0,489.2,4,周一
2025-01-20,高级,8.8,4454.0,509.0,4,周一
2025-01-21,初级,7.5,3760.0,501.3,2,周二
2025-01-21,中级,13.0,6975.0,536.5,4,周二
2025-01-21,高级,8.2,3975.5,481.9,4,周二
2025-01-22,初级,6.7,3496.7,524.5,3,周三
2025-01-22,中级,8.8,5302.2,606.0,4,周三
2025-01-22,高级,9.3,4642.7,497.4,3,周三
2025-01-23,初级,8.0,4086.7,510.8,3,周四
2025-01-23,中级,8.6,3376.8,392.7,5,周四
2025-01-23,高级,6.8,3371.0,499.4,4,周四
2025-01-24,初级,4.5,1650.0,366.7,2,周五
2025-01-24,中级,12.3,5486.7,444.9,3,周五
2025-01-24,高级,6.2,2478.8,399.8,5,周五
2025-01-25,中级,15.7,7654.0,488.6,3,周六
2025-01-25,高级,12.0,6498.4,541.5,5,周六
2025-01-26,中级,6.3,2886.7,455.8,3,周日
2025-01-26,高级,10.1,4517.0,445.3,7,周日
2025-01-27,中级,10.0,4856.0,485.6,1,周一
2025-01-27,高级,11.0,5453.3,495.8,3,周一
2025-02-05,中级,19.5,9684.5,496.6,4,周三
2025-02-05,高级,11.5,6357.0,552.8,4,周三
2025-02-06,初级,3.0,1800.0,600.0,1,周四
2025-02-06,中级,16.5,9429.5,571.5,4,周四
2025-02-06,高级,8.0,4501.5,562.7,4,周四
2025-02-07,初级,12.0,6230.0,519.2,1,周五
2025-02-07,中级,20.7,10280.9,497.5,3,周五
2025-02-07,高级,22.0,11020.0,500.9,2,周五
2025-02-08,初级,9.0,4120.0,457.8,1,周六
2025-02-08,中级,14.3,7382.7,515.1,3,周六
2025-02-08,高级,9.6,4555.6,474.5,5,周六
2025-02-09,初级,6.5,2795.0,430.0,2,周日
2025-02-09,中级,12.8,6622.5,519.4,4,周日
2025-02-09,高级,18.2,9998.3,550.4,6,周日
2025-02-10,初级,6.0,2540.0,423.3,2,周一
2025-02-10,中级,16.2,8119.5,499.7,4,周一
2025-02-10,高级,16.0,7285.0,455.3,3,周一
2025-02-11,初级,6.0,2995.0,499.2,2,周二
2025-02-11,中级,15.3,7729.3,504.1,3,周二
2025-02-11,高级,13.7,5616.7,411.0,3,周二
2025-02-12,初级,6.5,3570.0,549.2,2,周三
2025-02-12,中级,13.8,7037.5,511.8,4,周三
2025-02-12,高级,20.0,10541.0,527.0,2,周三
2025-02-13,初级,7.3,3410.0,465.0,3,周四
2025-02-13,中级,18.7,8189.2,438.7,3,周四
2025-02-13,高级,21.5,11334.0,527.2,2,周四
2025-02-14,初级,8.0,4210.0,526.2,1,周五
2025-02-14,中级,13.0,6877.0,529.0,4,周五
2025-02-14,高级,10.3,4769.3,461.5,3,周五
2025-02-15,初级,7.7,4013.3,523.5,3,周六
2025-02-15,中级,21.7,12046.7,556.0,3,周六
2025-02-15,高级,18.5,9288.5,502.1,4,周六
2025-02-16,中级,22.0,11270.0,512.3,2,周日
2025-02-16,高级,28.2,15157.5,536.5,4,周日
2025-02-17,初级,12.0,6490.0,540.8,1,周一
2025-02-17,中级,15.5,8485.5,547.5,4,周一
2025-02-17,高级,16.3,7782.7,476.5,3,周一
2025-02-18,初级,9.0,4840.0,537.8,3,周二
2025-02-18,中级,21.0,10084.0,480.2,2,周二
2025-02-18,高级,9.6,5049.2,526.0,5,周二
2025-02-19,初级,11.5,5300.0,460.9,2,周三
2025-02-19,中级,18.0,10980.0,610.0,2,周三
2025-02-19,高级,11.3,5739.3,506.4,3,周三
2025-02-20,中级,19.0,9594.3,505.0,3,周四
2025-02-20,高级,9.7,5034.3,520.8,3,周四
2025-02-21,初级,8.7,4132.7,476.8,3,周五
2025-02-21,中级,11.5,5526.2,480.5,4,周五
2025-02-21,高级,14.7,7608.7,518.8,3,周五
2025-02-22,初级,12.0,7160.0,596.7,1,周六
2025-02-22,中级,21.5,11330.0,527.0,2,周六
2025-02-22,高级,15.2,8196.3,540.4,6,周六
2025-02-23,初级,5.7,3070.0,541.8,3,周日
2025-02-23,中级,11.0,5330.0,484.5,4,周日
2025-02-23,高级,17.6,8715.6,495.2,5,周日
2025-02-24,初级,6.5,2970.0,456.9,2,周一
2025-02-24,中级,11.3,5185.3,457.5,3,周一
2025-02-24,高级,10.2,4720.8,460.6,4,周一
2025-02-25,初级,8.7,4023.3,464.2,3,周二
2025-02-25,中级,11.5,5372.5,467.2,4,周二
2025-02-25,高级,7.0,3337.5,476.8,4,周二
2025-02-26,初级,8.5,5645.0,664.1,2,周三
2025-02-26,中级,13.0,6517.5,501.3,4,周三
2025-02-26,高级,10.0,5486.0,548.6,3,周三
2025-02-27,初级,10.5,5625.0,535.7,4,周四
2025-02-27,中级,11.3,6616.7,583.8,3,周四
2025-02-27,高级,18.0,8773.0,487.4,2,周四
2025-02-28,初级,6.5,2865.0,440.8,2,周五
2025-02-28,中级,16.0,8312.0,519.5,3,周五
2025-02-28,高级,9.5,4781.5,503.3,4,周五
2025-03-01,中级,13.5,6738.0,499.1,2,周六
2025-03-01,高级,17.3,8338.0,481.0,6,周六
2025-03-02,初级,6.7,3346.7,502.0,3,周日
2025-03-02,中级,14.8,7525.0,510.2,4,周日
2025-03-02,高级,16.5,8157.3,494.4,6,周日
2025-03-03,初级,10.5,5425.0,516.7,2,周一
2025-03-03,中级,14.3,8736.0,609.5,3,周一
2025-03-03,高级,12.2,6425.0,524.5,4,周一
2025-03-04,初级,7.7,3970.0,517.8,6,周二
2025-03-04,中级,22.0,11430.0,519.5,2,周二
2025-03-04,高级,14.0,7132.7,509.5,3,周二
2025-03-05,初级,8.4,4398.0,523.6,5,周三
2025-03-05,中级,22.0,11006.0,500.3,2,周三
2025-03-05,高级,19.5,9848.0,505.0,2,周三
2025-03-06,初级,7.7,4450.0,580.4,3,周四
2025-03-06,中级,12.2,6051.0,494.0,4,周四
2025-03-06,高级,11.7,6602.0,565.9,3,周四
2025-03-07,初级,8.3,4303.3,516.4,3,周五
2025-03-07,中级,12.8,6219.5,487.8,4,周五
2025-03-07,高级,12.0,5322.7,443.6,3,周五
2025-03-08,中级,20.0,10669.0,533.5,2,周六
2025-03-08,高级,17.2,8137.6,473.1,5,周六
2025-03-09,初级,5.0,2460.0,492.0,2,周日
2025-03-09,中级,23.5,10785.0,458.9,2,周日
2025-03-09,高级,17.2,8125.3,473.3,6,周日
2025-03-10,初级,5.2,2537.0,483.2,4,周一
2025-03-10,中级,12.8,6125.0,480.4,4,周一
2025-03-10,高级,10.3,4114.0,398.1,3,周一
2025-03-11,初级,7.5,4177.5,557.0,4,周二
2025-03-11,中级,11.8,5844.0,497.4,4,周二
2025-03-11,高级,11.8,6201.0,527.7,4,周二
2025-03-12,初级,11.0,4855.0,441.4,2,周三
2025-03-12,中级,4.0,2650.0,662.5,1,周三
2025-03-12,高级,18.6,9293.6,499.7,5,周三
2025-03-13,初级,10.0,4973.3,497.3,3,周四
2025-03-13,中级,11.5,6116.5,531.9,4,周四
2025-03-13,高级,7.2,3264.0,453.3,5,周四
2025-03-14,初级,10.0,4655.0,465.5,2,周五
2025-03-14,中级,13.0,6756.7,519.7,3,周五
2025-03-14,高级,11.7,5533.7,474.3,3,周五
2025-03-15,初级,6.5,2980.0,458.5,2,周六
2025-03-15,中级,12.0,5875.0,489.6,4,周六
2025-03-15,高级,23.0,10981.5,477.5,4,周六
2025-03-16,初级,5.5,2930.0,532.7,2,周日
2025-03-16,中级,21.3,10506.0,492.5,3,周日
2025-03-16,高级,20.5,10592.0,516.7,4,周日
2025-03-17,初级,11.5,6265.0,544.8,2,周一
2025-03-17,中级,21.0,11841.0,563.9,2,周一
2025-03-17,高级,15.7,6920.0,441.7,3,周一
2025-03-18,初级,9.2,4138.5,447.4,4,周二
2025-03-18,中级,23.5,10936.0,465.4,2,周二
2025-03-18,高级,13.7,6889.3,504.1,3,周二
2025-03-19,初级,6.5,3702.5,569.6,4,周三
2025-03-19,中级,15.0,7989.3,532.6,3,周三
2025-03-19,高级,10.7,5491.3,514.8,3,周三
2025-03-20,初级,6.2,3150.0,504.0,4,周四
2025-03-20,中级,17.3,8558.7,493.8,3,周四
2025-03-20,高级,18.5,8353.5,451.5,2,周四
2025-03-21,初级,11.0,5965.0,542.3,2,周五
2025-03-21,中级,10.8,5803.5,539.9,4,周五
2025-03-21,高级,12.7,6422.7,507.1,3,周五
2025-03-22,初级,11.0,5720.0,520.0,1,周六
2025-03-22,中级,23.0,12673.3,551.0,3,周六
2025-03-22,高级,21.2,10408.5,489.8,4,周六
2025-03-23,初级,4.5,2479.0,550.9,2,周日
2025-03-23,中级,21.0,10710.0,510.0,2,周日
2025-03-23,高级,19.0,10420.8,548.5,4,周日
2025-03-24,初级,10.0,4940.0,494.0,2,周一
2025-03-24,中级,15.7,7848.0,500.9,3,周一
2025-03-24,高级,11.0,5178.7,470.8,3,周一
2025-03-25,初级,10.0,4936.7,493.7,3,周二
2025-03-25,中级,23.5,11470.0,488.1,2,周二
2025-03-25,高级,13.5,7226.0,535.3,4,周二
2025-03-26,初级,5.6,2865.6,511.7,5,周三
2025-03-26,中级,12.5,5830.0,466.4,4,周三
2025-03-26,高级,9.2,4239.0,458.3,4,周三
2025-03-27,初级,7.5,3774.5,503.3,4,周四
2025-03-27,中级,18.0,9604.0,533.6,2,周四
2025-03-27,高级,12.2,6090.5,497.2,4,周四
2025-03-28,初级,8.5,3608.0,424.5,4,周五
2025-03-28,中级,13.3,5542.0,415.6,3,周五
2025-03-28,高级,9.7,4329.3,447.9,3,周五
2025-03-29,中级,27.3,13705.3,501.4,3,周六
2025-03-29,高级,16.5,8453.0,512.3,4,周六
2025-03-30,初级,10.0,3930.0,393.0,2,周日
2025-03-30,中级,16.3,8052.7,493.0,3,周日
2025-03-30,高级,15.4,7458.8,484.3,5,周日
2025-03-31,初级,7.4,3786.0,511.6,5,周一
2025-03-31,中级,15.7,8697.7,555.2,3,周一
2025-03-31,高级,16.0,8129.5,508.1,2,周一
2025-04-01,初级,9.3,3613.3,387.1,3,周二
2025-04-01,中级,9.8,4347.5,445.9,4,周二
2025-04-01,高级,12.8,5621.6,439.2,5,周二
2025-04-02,初级,7.3,3736.7,509.5,3,周三
2025-04-02,中级,10.8,5316.3,490.7,6,周三
2025-04-02,高级,15.5,7026.0,453.3,2,周三
2025-04-03,初级,8.8,4024.5,459.9,4,周四
2025-04-03,中级,14.7,6896.0,470.2,3,周四
2025-04-03,高级,12.7,5854.7,462.2,3,周四
2025-04-04,初级,7.0,4042.5,577.5,4,周五
2025-04-04,中级,19.3,10323.3,534.0,3,周五
2025-04-04,高级,11.6,6230.0,537.1,5,周五
2025-04-05,中级,20.0,10913.3,545.7,3,周六
2025-04-05,高级,15.0,7705.2,513.7,4,周六
2025-04-06,初级,7.0,2760.0,394.3,2,周日
2025-04-06,中级,19.0,10249.0,539.4,2,周日
2025-04-06,高级,18.8,8785.3,466.5,6,周日
2025-04-07,初级,6.6,3103.6,470.2,5,周一
2025-04-07,中级,16.7,8086.7,485.2,3,周一
2025-04-07,高级,12.0,5097.3,424.8,3,周一
2025-04-08,初级,9.3,4023.3,431.1,3,周二
2025-04-08,中级,15.5,7589.0,489.6,2,周二
2025-04-08,高级,14.7,6577.0,448.4,3,周二
2025-04-09,初级,7.4,3666.0,495.4,5,周三
2025-04-09,中级,15.3,7398.7,482.5,3,周三
2025-04-09,高级,20.5,11287.0,550.6,2,周三
2025-04-10,初级,6.0,3200.0,533.3,2,周四
2025-04-10,中级,16.7,9536.7,572.2,3,周四
2025-04-10,高级,10.2,5880.2,573.7,4,周四
2025-04-11,初级,7.3,3416.7,465.9,3,周五
2025-04-11,中级,14.3,7860.0,548.4,3,周五
2025-04-11,高级,10.5,5590.0,532.4,2,周五
2025-04-12,中级,15.3,8216.0,535.8,3,周六
2025-04-12,高级,8.2,4288.6,523.0,5,周六
2025-04-13,初级,9.0,4770.0,530.0,1,周日
2025-04-13,中级,14.3,7098.0,495.2,3,周日
2025-04-13,高级,16.2,8339.2,514.8,5,周日
2025-04-14,初级,1.0,260.0,260.0,1,周一
2025-04-14,中级,18.5,9470.0,511.9,2,周一
2025-04-14,高级,7.8,4115.2,527.6,5,周一
2025-04-15,初级,10.0,3840.0,384.0,2,周二
2025-04-15,中级,19.3,9152.7,473.4,3,周二
2025-04-15,高级,12.7,6053.3,477.9,3,周二
2025-04-16,初级,8.3,3993.3,479.2,3,周三
2025-04-16,中级,13.7,6372.0,466.2,3,周三
2025-04-16,高级,12.5,6642.5,531.4,4,周三
2025-04-17,初级,5.0,2792.0,558.4,5,周四
2025-04-17,中级,19.7,10399.2,528.8,3,周四
2025-04-17,高级,21.0,11327.0,539.4,2,周四
2025-04-18,初级,7.0,3277.0,468.1,4,周五
2025-04-18,中级,21.0,10244.0,487.8,2,周五
2025-04-18,高级,18.0,8930.7,496.1,3,周五
2025-04-19,初级,10.0,6070.0,607.0,1,周六
2025-04-19,中级,12.8,7333.5,575.2,4,周六
2025-04-19,高级,17.8,9897.6,556.0,5,周六
2025-04-20,初级,7.7,3770.0,491.7,3,周日
2025-04-20,中级,28.0,14038.5,501.4,2,周日
2025-04-20,高级,15.0,8293.1,552.9,7,周日
2025-04-21,初级,4.8,2555.0,537.9,4,周一
2025-04-21,中级,9.6,4605.6,479.8,5,周一
2025-04-21,高级,15.5,6917.0,446.3,2,周一
2025-04-22,初级,9.7,5610.0,580.3,3,周二
2025-04-22,中级,19.7,9576.0,486.9,3,周二
2025-04-22,高级,21.5,10554.0,490.9,2,周二
2025-04-23,初级,6.0,3186.7,531.1,3,周三
2025-04-23,中级,11.8,6548.8,557.3,4,周三
2025-04-23,高级,9.8,4228.2,433.7,4,周三
2025-04-24,初级,5.5,3385.0,615.5,4,周四
2025-04-24,中级,17.0,8222.7,483.7,3,周四
2025-04-24,高级,14.3,7492.3,522.7,3,周四
2025-04-25,初级,4.0,1705.0,426.2,2,周五
2025-04-25,中级,15.3,8148.0,531.4,3,周五
2025-04-25,高级,12.7,7019.3,554.2,3,周五
2025-04-26,初级,10.0,4410.0,441.0,1,周六
2025-04-26,中级,27.0,12885.0,477.2,2,周六
2025-04-26,高级,13.8,8023.0,581.4,5,周六
2025-04-27,初级,9.5,4955.0,521.6,2,周日
2025-04-27,中级,14.0,7850.0,560.7,2,周日
2025-04-27,高级,12.4,6307.0,508.6,5,周日
2025-04-28,初级,8.3,3843.3,461.2,3,周一
2025-04-28,中级,14.0,7134.5,509.6,4,周一
2025-04-28,高级,21.0,9590.5,456.7,2,周一
2025-04-29,初级,11.0,5335.0,485.0,2,周二
2025-04-29,中级,18.0,9027.0,501.5,4,周二
2025-04-29,高级,10.0,4687.0,468.7,4,周二
2025-04-30,初级,5.0,2723.3,544.7,3,周三
2025-04-30,中级,15.0,7066.7,471.1,3,周三
2025-04-30,高级,13.0,7169.0,551.5,2,周三
2025-05-01,初级,5.0,2672.5,534.5,4,周四
2025-05-01,中级,21.8,12274.8,564.4,4,周四
2025-05-01,高级,18.0,10966.7,609.3,3,周四
2025-05-02,初级,8.3,4846.7,581.6,3,周五
2025-05-02,中级,13.0,7690.0,591.5,3,周五
2025-05-02,高级,21.2,10927.5,514.2,4,周五
2025-05-03,中级,20.3,11076.0,544.7,3,周六
2025-05-03,高级,13.8,8187.5,595.5,4,周六
2025-05-04,中级,26.5,15123.0,570.7,2,周日
2025-05-04,高级,21.8,11353.2,522.0,4,周日
2025-05-05,初级,8.0,4035.0,504.4,4,周一
2025-05-05,中级,10.8,5396.0,502.0,4,周一
2025-05-05,高级,14.0,6308.0,450.6,4,周一
2025-05-06,初级,8.3,4262.7,511.5,3,周二
2025-05-06,中级,17.0,8872.0,521.9,3,周二
2025-05-06,高级,7.4,3735.8,504.8,5,周二
2025-05-07,初级,6.0,3250.0,541.7,3,周三
2025-05-07,中级,18.3,9518.0,519.2,3,周三
2025-05-07,高级,19.0,11223.5,590.7,2,周三
2025-05-08,初级,8.0,3088.0,386.0,2,周四
2025-05-08,中级,12.5,6280.5,502.4,4,周四
2025-05-08,高级,11.3,4797.3,423.3,3,周四
2025-05-09,初级,5.2,2752.5,524.3,4,周五
2025-05-09,中级,13.7,7266.0,531.7,3,周五
2025-05-09,高级,6.0,3031.0,505.2,4,周五
2025-05-10,初级,10.0,5790.0,579.0,1,周六
2025-05-10,中级,15.8,8870.0,563.2,4,周六
2025-05-10,高级,16.2,8598.8,530.8,5,周六
2025-05-11,初级,8.5,3600.0,423.5,2,周日
2025-05-11,中级,12.3,6816.7,552.7,3,周日
2025-05-11,高级,20.8,10906.2,524.3,5,周日
2025-05-12,初级,6.0,2985.0,497.5,4,周一
2025-05-12,中级,9.2,4513.6,490.6,5,周一
2025-05-12,高级,11.0,5945.0,540.5,2,周一
2025-05-13,初级,9.5,4667.5,491.3,4,周二
2025-05-13,中级,21.3,12198.7,571.8,3,周二
2025-05-13,高级,20.3,10506.0,516.7,3,周二
2025-05-14,初级,7.0,3634.5,519.2,4,周三
2025-05-14,中级,14.7,7040.7,480.0,3,周三
2025-05-14,高级,14.0,7126.0,509.0,3,周三
2025-05-15,初级,11.0,5103.3,463.9,3,周四
2025-05-15,中级,13.6,6439.2,473.5,5,周四
2025-05-15,高级,12.0,5286.7,440.6,3,周四
2025-05-16,初级,6.2,3712.5,594.0,4,周五
2025-05-16,中级,11.0,6392.5,581.1,4,周五
2025-05-16,高级,9.0,4928.7,547.6,3,周五
2025-05-17,初级,11.7,6406.7,549.1,3,周六
2025-05-17,中级,19.0,10866.0,571.9,3,周六
2025-05-17,高级,27.0,14739.3,545.9,3,周六
2025-05-18,中级,17.0,9009.3,530.0,3,周日
2025-05-18,高级,17.8,8704.4,489.0,5,周日
2025-05-19,初级,7.0,2630.0,375.7,1,周一
2025-05-19,中级,15.0,6326.5,421.8,4,周一
2025-05-19,高级,9.7,4932.7,510.3,3,周一
2025-05-20,初级,8.3,5360.0,643.2,3,周二
2025-05-20,中级,11.6,6232.8,537.3,5,周二
2025-05-20,高级,6.8,3234.0,475.6,5,周二
2025-05-21,初级,6.8,2872.0,422.4,5,周三
2025-05-21,中级,18.0,8556.7,475.4,3,周三
2025-05-21,高级,12.3,5586.7,453.0,3,周三
2025-05-22,初级,7.8,4255.0,549.0,4,周四
2025-05-22,中级,17.7,8763.3,496.0,3,周四
2025-05-22,高级,11.0,6126.0,556.9,3,周四
2025-05-23,初级,7.4,4624.0,624.9,5,周五
2025-05-23,中级,19.0,11083.3,583.3,3,周五
2025-05-23,高级,12.0,6178.3,514.9,3,周五
2025-05-24,初级,7.3,4772.7,650.8,3,周六
2025-05-24,中级,16.2,8871.5,545.9,4,周六
2025-05-24,高级,24.7,13262.7,537.7,3,周六
2025-05-25,初级,13.5,6639.0,491.8,2,周日
2025-05-25,中级,10.6,5837.6,550.7,5,周日
2025-05-25,高级,18.6,9514.6,511.5,5,周日
2025-05-26,初级,9.0,5044.0,560.4,3,周一
2025-05-26,中级,18.7,9186.7,492.1,3,周一
2025-05-26,高级,11.0,6413.8,583.1,4,周一
2025-05-27,初级,7.7,3696.7,482.2,3,周二
2025-05-27,中级,11.0,5289.5,480.9,4,周二
2025-05-27,高级,9.3,4406.7,472.1,3,周二
2025-05-28,初级,9.0,4460.0,495.6,3,周三
2025-05-28,中级,15.0,7896.8,526.5,4,周三
2025-05-28,高级,13.0,6484.7,498.8,3,周三
2025-05-29,初级,8.8,5392.5,616.3,4,周四
2025-05-29,中级,18.5,9170.0,495.7,2,周四
2025-05-29,高级,19.0,9593.0,504.9,3,周四
2025-05-30,初级,10.0,6050.3,605.0,3,周五
2025-05-30,中级,16.0,8269.0,516.8,4,周五
2025-05-30,高级,14.0,6779.0,484.2,3,周五
2025-05-31,初级,12.0,6650.0,554.2,1,周六
2025-05-31,中级,19.7,9800.0,498.3,3,周六
2025-05-31,高级,17.7,9946.0,563.0,3,周六
2025-06-01,初级,9.0,4900.0,544.4,3,周日
2025-06-01,中级,13.0,6966.0,535.8,3,周日
2025-06-01,高级,13.4,6402.0,477.8,5,周日
2025-06-02,初级,6.7,2846.7,427.0,3,周一
2025-06-02,中级,12.7,6750.0,532.9,3,周一
2025-06-02,高级,13.8,6400.2,465.5,4,周一
2025-06-03,初级,6.7,3786.7,568.0,3,周二
2025-06-03,中级,12.0,6624.7,552.1,3,周二
2025-06-03,高级,7.2,3826.0,527.7,4,周二
2025-06-04,初级,7.0,3263.3,466.2,3,周三
2025-06-04,中级,16.0,7687.0,480.4,4,周三
2025-06-04,高级,19.0,9305.0,489.7,2,周三
2025-06-05,初级,7.5,3582.0,477.6,4,周四
2025-06-05,中级,17.3,7618.7,439.5,3,周四
2025-06-05,高级,11.3,5354.0,472.4,3,周四
2025-06-06,初级,7.3,4409.3,601.3,3,周五
2025-06-06,中级,14.3,8286.7,578.1,3,周五
2025-06-06,高级,10.0,4917.3,491.7,3,周五
2025-06-07,初级,11.0,6110.0,555.5,2,周六
2025-06-07,中级,18.3,10366.0,565.4,3,周六
2025-06-07,高级,16.0,8130.5,508.2,4,周六
2025-06-08,初级,10.0,4890.0,489.0,2,周日
2025-06-08,中级,20.2,9922.0,490.0,4,周日
2025-06-08,高级,12.6,6057.8,480.8,5,周日
2025-06-09,初级,8.0,4073.6,509.2,5,周一
2025-06-09,中级,17.5,8893.0,508.2,2,周一
2025-06-09,高级,10.8,5642.4,522.4,5,周一
2025-06-10,初级,8.7,4716.7,544.2,3,周二
2025-06-10,中级,13.0,6514.0,501.1,4,周二
2025-06-10,高级,8.2,3919.5,475.1,4,周二
2025-06-11,初级,9.0,4290.0,476.7,1,周三
2025-06-11,中级,16.7,8089.3,485.4,3,周三
2025-06-11,高级,10.0,5050.0,505.0,3,周三
2025-06-12,初级,7.0,3765.0,537.9,4,周四
2025-06-12,中级,13.8,7373.2,534.3,5,周四
2025-06-12,高级,14.0,7387.0,527.6,2,周四
2025-06-13,初级,7.8,4478.8,574.2,5,周五
2025-06-13,中级,13.5,6938.0,513.9,4,周五
2025-06-13,高级,13.5,7290.0,540.0,2,周五
2025-06-14,初级,11.5,6945.0,603.9,2,周六
2025-06-14,中级,14.2,7837.0,550.0,4,周六
2025-06-14,高级,19.3,10674.0,552.1,3,周六
2025-06-15,初级,6.8,3412.5,505.6,4,周日
2025-06-15,中级,16.2,8215.0,505.5,4,周日
2025-06-15,高级,11.2,6183.0,552.1,5,周日
2025-06-16,初级,9.0,4547.5,505.3,4,周一
2025-06-16,中级,16.0,7945.0,496.6,2,周一
2025-06-16,高级,13.5,6521.5,483.1,4,周一
2025-06-17,初级,7.6,4026.0,529.7,5,周二
2025-06-17,中级,14.8,8102.5,549.3,4,周二
2025-06-17,高级,13.7,7036.0,514.8,3,周二
2025-06-18,初级,10.3,5340.0,516.8,3,周三
2025-06-18,中级,17.3,8872.7,511.9,3,周三
2025-06-18,高级,12.3,5704.0,462.5,3,周三
2025-06-19,初级,6.0,3587.5,597.9,4,周四
2025-06-19,中级,14.2,7428.0,521.3,4,周四
2025-06-19,高级,19.0,9633.0,507.0,2,周四
2025-06-20,初级,7.5,4200.0,560.0,4,周五
2025-06-20,中级,13.0,6547.0,503.6,4,周五
2025-06-20,高级,7.3,3808.8,519.4,6,周五
2025-06-21,初级,9.0,5670.0,630.0,1,周六
2025-06-21,中级,20.5,12499.0,609.7,2,周六
2025-06-21,高级,19.0,9657.2,508.3,5,周六
2025-06-22,初级,14.5,7909.0,545.4,2,周日
2025-06-22,中级,13.0,7298.8,561.4,5,周日
2025-06-22,高级,15.2,7349.6,483.5,5,周日
2025-06-23,初级,6.6,4187.6,634.5,5,周一
2025-06-23,中级,9.7,6152.0,636.4,3,周一
2025-06-23,高级,10.5,6172.5,587.9,4,周一
2025-06-24,初级,5.6,3075.6,549.2,5,周二
2025-06-24,中级,13.5,7375.0,546.3,2,周二
2025-06-24,高级,9.4,4561.8,485.3,5,周二
2025-06-25,初级,8.0,3407.5,425.9,4,周三
2025-06-25,中级,11.0,5149.5,468.1,4,周三
2025-06-25,高级,9.3,3472.7,372.1,3,周三
2025-06-26,初级,11.8,5946.0,506.0,4,周四
2025-06-26,中级,21.5,11305.0,525.8,2,周四
2025-06-26,高级,20.7,10336.0,500.1,3,周四
2025-06-27,初级,9.0,5535.0,615.0,2,周五
2025-06-27,中级,11.6,6666.0,574.7,5,周五
2025-06-27,高级,21.0,9934.0,473.0,2,周五
2025-06-28,初级,9.0,4750.0,527.8,1,周六
2025-06-28,中级,23.7,13141.3,555.3,3,周六
2025-06-28,高级,17.8,9527.8,536.8,4,周六
2025-06-29,初级,12.3,6506.7,527.6,3,周日
2025-06-29,中级,17.2,8462.0,490.6,4,周日
2025-06-29,高级,22.7,12748.3,562.4,3,周日
2025-06-30,初级,12.0,6430.0,535.8,1,周一
2025-06-30,中级,19.0,8905.0,468.7,4,周一
2025-06-30,高级,14.0,7108.0,507.7,2,周一
2025-07-01,初级,9.5,4495.0,473.2,2,周二
2025-07-01,中级,15.0,6679.3,445.3,3,周二
2025-07-01,高级,10.3,5576.0,539.6,3,周二
2025-07-02,初级,6.7,3343.3,501.5,3,周三
2025-07-02,中级,13.0,6058.8,466.1,5,周三
2025-07-02,高级,13.5,8004.5,592.9,2,周三
2025-07-03,初级,9.3,5063.3,542.5,3,周四
2025-07-03,中级,12.5,7042.5,563.4,4,周四
2025-07-03,高级,17.0,8078.0,475.2,2,周四
2025-07-04,初级,7.7,4006.7,522.6,3,周五
2025-07-04,中级,11.8,5601.5,476.7,4,周五
2025-07-04,高级,11.5,5987.5,520.7,2,周五
2025-07-05,初级,12.0,5985.0,498.8,2,周六
2025-07-05,中级,28.0,15935.0,569.1,2,周六
2025-07-05,高级,19.2,8970.0,466.0,4,周六
2025-07-06,初级,9.2,4550.0,491.9,4,周日
2025-07-06,中级,15.3,8462.7,551.9,3,周日
2025-07-06,高级,18.4,9373.2,509.4,5,周日
2025-07-07,初级,9.7,4566.0,472.3,3,周一
2025-07-07,中级,14.8,7569.5,513.2,4,周一
2025-07-07,高级,13.8,6919.5,503.2,4,周一
2025-07-08,初级,7.0,3470.0,495.7,3,周二
2025-07-08,中级,9.6,4472.0,465.8,5,周二
2025-07-08,高级,10.5,5453.5,519.4,2,周二
2025-07-09,初级,9.7,3892.7,402.7,3,周三
2025-07-09,中级,12.2,6054.0,494.2,4,周三
2025-07-09,高级,18.5,8308.0,449.1,2,周三
2025-07-10,初级,9.0,4562.5,506.9,4,周四
2025-07-10,中级,14.7,7880.0,537.3,3,周四
2025-07-10,高级,15.0,8121.5,541.4,2,周四
2025-07-11,初级,8.0,4486.7,560.8,3,周五
2025-07-11,中级,13.0,7060.7,543.1,3,周五
2025-07-11,高级,11.5,6230.0,541.7,2,周五
2025-07-12,初级,14.0,9470.0,676.4,1,周六
2025-07-12,中级,22.7,11698.7,516.1,3,周六
2025-07-12,高级,24.0,13928.0,580.3,2,周六
2025-07-13,初级,21.0,12292.0,585.3,1,周日
2025-07-13,中级,17.3,9526.0,549.6,3,周日
2025-07-13,高级,25.0,11850.8,474.0,4,周日
2025-07-14,初级,9.2,4092.5,442.4,4,周一
2025-07-14,中级,17.7,8876.7,502.5,3,周一
2025-07-14,高级,16.5,8992.0,545.0,2,周一
2025-07-15,初级,8.0,4782.0,597.8,4,周二
2025-07-15,中级,15.8,8088.8,513.6,4,周二
2025-07-15,高级,8.0,4571.0,571.4,3,周二
2025-07-16,初级,6.2,2902.5,464.4,4,周三
2025-07-16,中级,17.0,7573.5,445.5,4,周三
2025-07-16,高级,6.0,2973.3,495.6,3,周三
2025-07-17,初级,7.6,4102.0,539.7,5,周四
2025-07-17,中级,10.0,5699.3,569.9,3,周四
2025-07-17,高级,14.5,7210.0,497.2,2,周四
2025-07-18,初级,6.8,2976.0,440.9,4,周五
2025-07-18,中级,13.3,6626.7,497.0,3,周五
2025-07-18,高级,12.5,5559.5,444.8,2,周五
2025-07-19,初级,10.5,5380.0,512.4,2,周六
2025-07-19,中级,22.5,13729.5,610.2,2,周六
2025-07-19,高级,21.0,11356.8,540.8,4,周六
2025-07-20,初级,11.0,5648.7,513.5,3,周日
2025-07-20,中级,17.2,8238.4,479.0,5,周日
2025-07-20,高级,11.0,5251.3,477.4,3,周日
2025-07-21,初级,9.0,4510.0,501.1,1,周一
2025-07-21,中级,12.5,5880.2,470.4,4,周一
2025-07-21,高级,10.5,4890.5,465.8,2,周一
2025-07-22,初级,6.0,2640.0,440.0,2,周二
2025-07-22,中级,18.0,7898.0,438.8,2,周二
2025-07-22,高级,9.0,4302.0,478.0,3,周二
2025-07-23,初级,10.0,5220.0,522.0,3,周三
2025-07-23,中级,11.0,5740.0,521.8,3,周三
2025-07-23,高级,10.5,4574.0,435.6,2,周三
2025-07-24,初级,9.7,4546.7,470.3,3,周四
2025-07-24,中级,11.7,5206.0,446.2,3,周四
2025-07-24,高级,6.0,2950.0,491.7,4,周四
2025-07-25,初级,8.0,4657.5,582.2,4,周五
2025-07-25,中级,13.0,7555.0,581.2,2,周五
2025-07-25,高级,10.5,5314.0,506.1,2,周五
2025-07-26,初级,8.0,5206.7,650.8,3,周六
2025-07-26,中级,15.5,8595.0,554.5,2,周六
2025-07-26,高级,9.8,4854.4,495.3,5,周六
2025-07-27,初级,11.5,7404.0,643.8,2,周日
2025-07-27,中级,17.0,9472.7,557.2,3,周日
2025-07-27,高级,13.3,7219.2,541.4,6,周日
2025-07-28,初级,9.2,4346.0,472.4,5,周一
2025-07-28,中级,18.0,9230.0,512.8,1,周一
2025-07-28,高级,13.4,6108.6,455.9,5,周一
2025-07-29,初级,8.2,4261.8,516.6,4,周二
2025-07-29,中级,7.3,3900.0,531.8,3,周二
2025-07-29,高级,7.5,3785.2,504.7,4,周二
2025-07-30,初级,6.7,3390.0,508.5,3,周三
2025-07-30,中级,14.3,7191.3,501.7,3,周三
2025-07-30,高级,13.5,7877.5,583.5,2,周三
2025-07-31,初级,10.0,4556.7,455.7,3,周四
2025-07-31,中级,20.5,10440.0,509.3,2,周四
2025-07-31,高级,14.0,7136.7,509.8,3,周四
2025-08-01,初级,8.2,4562.5,553.0,4,周五
2025-08-01,中级,11.8,6367.0,541.9,4,周五
2025-08-01,高级,7.7,4033.3,526.1,3,周五
2025-08-02,初级,18.0,9940.0,552.2,2,周六
2025-08-02,中级,17.0,9613.3,565.5,3,周六
2025-08-02,高级,14.0,7683.6,548.8,5,周六
2025-08-03,初级,13.3,6220.0,466.5,3,周日
2025-08-03,中级,25.5,12667.0,496.7,2,周日
2025-08-03,高级,13.2,6555.6,496.6,5,周日
2025-08-04,初级,8.0,3675.0,459.4,2,周一
2025-08-04,中级,11.7,5743.3,492.3,3,周一
2025-08-04,高级,15.0,6940.0,462.7,4,周一
2025-08-05,预备,1.0,0.0,0.0,1,周二
2025-08-05,初级,13.0,6540.0,503.1,1,周二
2025-08-05,中级,12.2,5520.0,450.6,4,周二
2025-08-05,高级,11.2,4660.8,414.3,4,周二
2025-08-06,中级,29.5,14397.8,488.1,2,周三
2025-08-06,高级,14.3,6705.3,467.8,3,周三
2025-08-07,初级,9.3,4984.7,534.1,3,周四
2025-08-07,中级,22.5,11433.0,508.1,2,周四
2025-08-07,高级,14.7,6859.3,467.7,3,周四
2025-08-08,初级,7.7,4279.3,558.2,3,周五
2025-08-08,中级,9.0,5060.5,562.3,4,周五
2025-08-08,高级,9.8,5038.0,516.7,4,周五
2025-08-09,初级,6.5,3740.0,575.4,2,周六
2025-08-09,中级,17.2,9114.0,528.3,4,周六
2025-08-09,高级,15.5,7771.2,501.4,4,周六
2025-08-10,初级,15.0,6929.3,462.0,3,周日
2025-08-10,中级,19.5,9643.0,494.5,2,周日
2025-08-10,高级,22.8,11944.2,525.0,4,周日
2025-08-11,初级,8.2,3773.6,460.2,5,周一
2025-08-11,中级,10.3,4834.7,467.9,3,周一
2025-08-11,高级,11.2,5351.5,475.7,4,周一
2025-08-12,初级,4.0,1560.0,390.0,1,周二
2025-08-12,中级,20.0,10378.0,518.9,3,周二
2025-08-12,高级,8.0,3854.2,481.8,4,周二
2025-08-13,初级,10.0,4020.0,402.0,1,周三
2025-08-13,中级,11.0,5879.5,534.5,4,周三
2025-08-13,高级,7.2,3552.0,489.9,4,周三
2025-08-14,初级,9.5,4323.3,455.1,6,周四
2025-08-14,中级,13.7,7000.0,512.2,3,周四
2025-08-14,高级,11.3,5479.3,483.5,3,周四
2025-08-15,初级,7.8,4042.0,518.2,5,周五
2025-08-15,中级,9.6,4739.2,493.7,5,周五
2025-08-15,高级,9.0,4668.0,518.7,2,周五
2025-08-16,初级,9.2,5152.5,557.0,4,周六
2025-08-16,中级,12.0,6126.7,510.6,3,周六
2025-08-16,高级,14.5,7354.5,507.2,4,周六
2025-08-17,初级,8.0,3985.0,498.1,2,周日
2025-08-17,中级,16.4,8401.2,512.3,5,周日
2025-08-17,高级,7.0,3296.0,470.9,3,周日
2025-08-18,初级,9.2,4421.0,477.9,4,周一
2025-08-18,中级,17.7,8896.7,503.6,3,周一
2025-08-18,高级,9.0,4606.0,511.8,3,周一
2025-08-19,初级,7.3,3991.3,544.3,6,周二
2025-08-19,中级,16.5,7929.0,480.5,2,周二
2025-08-19,高级,6.2,3443.8,551.0,4,周二
2025-08-20,中级,15.0,7280.0,485.3,4,周三
2025-08-20,高级,13.5,6334.5,469.2,2,周三
2025-08-21,预备,1.0,340.0,340.0,1,周四
2025-08-21,中级,14.7,7126.0,485.9,3,周四
2025-08-21,高级,11.5,5189.0,451.2,2,周四
2025-08-22,初级,5.5,3257.5,592.3,4,周五
2025-08-22,中级,11.7,6742.0,577.9,3,周五
2025-08-22,高级,6.7,3529.3,529.4,3,周五
2025-08-23,初级,14.5,8506.0,586.6,2,周六
2025-08-23,中级,20.7,11390.7,551.2,3,周六
2025-08-23,高级,17.0,9312.0,547.8,4,周六
2025-08-24,初级,10.2,5206.5,508.0,4,周日
2025-08-24,中级,21.0,10177.0,484.6,2,周日
2025-08-24,高级,16.5,8353.0,506.2,4,周日
2025-08-25,初级,15.0,8860.0,590.7,1,周一
2025-08-25,中级,13.5,7070.0,523.7,2,周一
2025-08-25,高级,13.8,6872.2,499.8,4,周一
2025-08-26,预备,1.0,260.0,260.0,1,周二
2025-08-26,初级,6.5,3885.0,597.7,2,周二
2025-08-26,中级,20.3,10602.0,521.4,3,周二
2025-08-26,高级,11.3,6632.7,585.2,3,周二
2025-08-27,初级,5.5,3080.0,560.0,2,周三
2025-08-27,中级,11.8,5774.5,491.4,4,周三
2025-08-27,高级,9.3,5055.3,541.6,3,周三
2025-08-28,预备,1.0,260.0,260.0,1,周四
2025-08-28,初级,11.5,7329.0,637.3,2,周四
2025-08-28,中级,11.0,6300.6,572.8,5,周四
2025-08-28,高级,11.3,6481.0,571.9,3,周四
2025-08-29,预备,2.0,680.0,340.0,1,周五
2025-08-29,初级,8.0,4783.3,597.9,3,周五
2025-08-29,中级,11.5,6176.0,537.0,4,周五
2025-08-29,高级,7.5,3677.5,490.3,4,周五
2025-08-30,初级,11.7,5536.7,474.6,3,周六
2025-08-30,中级,17.7,9864.7,558.4,3,周六
2025-08-30,高级,22.8,12278.9,539.7,4,周六
2025-08-31,初级,13.5,7154.0,529.9,2,周日
2025-08-31,中级,20.0,9560.0,478.0,3,周日
2025-08-31,高级,14.4,7292.8,506.4,5,周日
2025-09-01,预备,3.0,900.0,300.0,1,周一
2025-09-01,初级,9.5,5183.5,545.6,4,周一
2025-09-01,中级,18.5,8654.0,467.8,2,周一
2025-09-01,高级,23.0,13007.3,565.5,3,周一
2025-09-02,预备,1.0,380.0,380.0,1,周二
2025-09-02,初级,11.0,5270.0,479.1,2,周二
2025-09-02,中级,12.2,5957.2,486.3,4,周二
2025-09-02,高级,13.5,7160.5,530.4,2,周二
2025-09-03,预备,2.0,640.0,320.0,1,周三
2025-09-03,初级,5.4,2304.0,426.7,5,周三
2025-09-03,中级,11.7,5106.0,437.7,3,周三
2025-09-03,高级,10.5,4800.0,457.1,2,周三
2025-09-04,初级,11.5,5580.0,485.2,4,周四
2025-09-04,中级,13.7,6769.3,495.3,3,周四
2025-09-04,高级,15.0,7501.7,500.1,3,周四
2025-09-05,预备,2.0,640.0,320.0,1,周五
2025-09-05,初级,14.0,6430.0,459.3,1,周五
2025-09-05,中级,14.3,8698.3,606.9,3,周五
2025-09-05,高级,13.8,8520.0,619.6,4,周五
2025-09-06,初级,11.0,5965.0,542.3,2,周六
2025-09-06,中级,22.5,12336.0,548.3,2,周六
2025-09-06,高级,14.0,6712.0,479.4,6,周六
2025-09-07,初级,8.7,4593.3,530.0,3,周日
2025-09-07,中级,16.3,8723.3,534.1,3,周日
2025-09-07,高级,21.0,10816.8,515.1,4,周日
2025-09-08,初级,12.0,5668.0,472.3,3,周一
2025-09-08,中级,12.0,6190.0,515.8,2,周一
2025-09-08,高级,19.7,10361.0,526.8,3,周一
2025-09-09,初级,9.3,3666.7,392.9,3,周二
2025-09-09,中级,11.0,5099.5,463.6,4,周二
2025-09-09,高级,11.3,5456.3,481.4,3,周二
2025-09-10,预备,1.0,530.0,530.0,1,周三
2025-09-10,初级,7.5,3925.0,523.3,2,周三
2025-09-10,中级,9.2,4727.0,513.8,5,周三
2025-09-10,高级,10.3,5812.3,562.5,3,周三
2025-09-11,初级,8.0,4090.0,511.2,1,周四
2025-09-11,中级,12.8,6877.4,537.3,5,周四
2025-09-11,高级,11.0,5014.0,455.8,3,周四
2025-09-12,预备,3.0,980.0,326.7,1,周五
2025-09-12,初级,6.8,4492.5,665.6,4,周五
2025-09-12,中级,13.7,7436.0,544.1,3,周五
2025-09-12,高级,9.5,5253.0,552.9,2,周五
2025-09-13,初级,18.0,10691.3,594.0,3,周六
2025-09-13,中级,25.0,13181.0,527.2,2,周六
2025-09-13,高级,28.7,14973.3,522.3,3,周六
2025-09-14,初级,15.5,8430.0,543.9,2,周日
2025-09-14,中级,22.0,12662.5,575.6,2,周日
2025-09-14,高级,23.0,13419.3,583.4,3,周日
2025-09-15,预备,1.0,260.0,260.0,1,周一
2025-09-15,初级,10.0,5805.0,580.5,2,周一
2025-09-15,中级,14.0,7347.0,524.8,4,周一
2025-09-15,高级,16.5,8338.0,505.3,2,周一
2025-09-16,预备,1.0,260.0,260.0,1,周二
2025-09-16,初级,7.7,3946.7,514.8,3,周二
2025-09-16,中级,12.0,6015.6,501.3,5,周二
2025-09-16,高级,8.0,4482.7,560.3,3,周二
2025-09-17,预备,3.0,1020.0,340.0,1,周三
2025-09-17,初级,7.5,3691.7,492.2,6,周三
2025-09-17,中级,10.8,5640.0,524.7,4,周三
2025-09-17,高级,11.7,5424.0,464.9,3,周三
2025-09-18,预备,2.5,1155.0,462.0,2,周四
2025-09-18,初级,12.3,6906.7,560.0,3,周四
2025-09-18,中级,22.0,10928.0,496.7,2,周四
2025-09-18,高级,12.3,6750.3,547.3,3,周四
2025-09-19,预备,6.0,1880.0,313.3,1,周五
2025-09-19,初级,6.8,3637.5,538.9,4,周五
2025-09-19,中级,12.2,5497.0,448.7,4,周五
2025-09-19,高级,9.7,5339.3,552.3,3,周五
2025-09-20,预备,1.0,426.7,426.7,3,周六
2025-09-20,初级,9.0,4970.0,552.2,3,周六
2025-09-20,中级,23.7,12655.3,534.7,3,周六
2025-09-20,高级,21.0,11035.3,525.5,3,周六
2025-09-21,初级,11.0,6172.7,561.2,3,周日
2025-09-21,中级,14.5,7710.2,531.7,4,周日
2025-09-21,高级,23.7,13854.3,585.4,3,周日
2025-09-22,预备,2.0,710.0,355.0,2,周一
2025-09-22,初级,9.7,5450.0,563.8,3,周一
2025-09-22,中级,18.0,9579.0,532.2,3,周一
2025-09-22,高级,11.0,4939.0,449.0,2,周一
2025-09-23,预备,1.7,516.0,309.6,3,周二
2025-09-23,初级,13.0,7139.0,549.2,2,周二
2025-09-23,中级,11.8,6247.0,531.7,4,周二
2025-09-23,高级,12.0,6533.0,544.4,3,周二
2025-09-24,初级,12.0,5615.0,467.9,2,周三
2025-09-24,中级,15.2,7873.8,516.3,4,周三
2025-09-24,高级,24.0,10296.0,429.0,2,周三
2025-09-25,预备,2.0,760.0,380.0,1,周四
2025-09-25,初级,14.5,7199.0,496.5,2,周四
2025-09-25,中级,18.0,9784.0,543.6,3,周四
2025-09-25,高级,13.3,6403.3,480.2,3,周四
2025-09-26,预备,5.0,1890.0,378.0,1,周五
2025-09-26,初级,10.7,5772.7,541.2,3,周五
2025-09-26,中级,11.8,5992.0,510.0,4,周五
2025-09-26,高级,13.3,7086.7,531.5,3,周五
2025-09-27,初级,10.0,5180.0,518.0,4,周六
2025-09-27,中级,15.0,7765.3,517.7,3,周六
2025-09-27,高级,16.5,8818.0,534.4,4,周六
2025-09-28,预备,2.7,950.0,356.2,3,周日
2025-09-28,初级,8.3,4866.7,584.0,3,周日
2025-09-28,中级,12.2,6201.8,506.3,4,周日
2025-09-28,高级,17.0,8021.5,471.9,4,周日
2025-09-29,预备,3.0,940.0,313.3,2,周一
2025-09-29,初级,9.3,4766.7,510.7,3,周一
2025-09-29,中级,13.8,6494.0,472.3,4,周一
2025-09-29,高级,20.5,9743.0,475.3,2,周一
2025-09-30,预备,1.5,390.0,260.0,2,周二
2025-09-30,初级,9.0,5153.3,572.6,3,周二
2025-09-30,中级,17.5,9351.5,534.4,4,周二
2025-09-30,高级,8.0,4686.0,585.8,2,周二
2025-10-01,预备,2.7,1083.3,406.2,3,周三
2025-10-01,初级,7.0,3835.0,547.9,4,周三
2025-10-01,中级,17.8,8778.5,494.6,4,周三
2025-10-01,高级,6.5,3115.0,479.2,2,周三
2025-10-02,预备,4.5,1985.0,441.1,2,周四
2025-10-02,初级,12.0,6106.7,508.9,3,周四
2025-10-02,中级,23.5,12437.0,529.2,2,周四
2025-10-02,高级,23.5,12021.5,511.6,2,周四
2025-10-03,预备,1.5,490.0,326.7,2,周五
2025-10-03,初级,13.3,7590.0,569.2,3,周五
2025-10-03,中级,14.0,7281.0,520.1,4,周五
2025-10-03,高级,10.8,4910.0,456.7,4,周五
2025-10-04,初级,17.0,8550.0,502.9,1,周六
2025-10-04,中级,27.0,15098.0,559.2,1,周六
2025-10-04,高级,16.0,8114.5,507.2,4,周六
2025-10-05,预备,3.5,1160.0,331.4,2,周日
2025-10-05,初级,10.3,4986.7,482.6,3,周日
2025-10-05,中级,21.3,11038.7,517.4,3,周日
2025-10-05,高级,28.0,14162.7,505.8,3,周日
2025-10-06,预备,3.0,1020.0,340.0,1,周一
2025-10-06,初级,10.8,6190.0,575.8,4,周一
2025-10-06,中级,12.0,5940.7,495.1,3,周一
2025-10-06,高级,19.5,10801.5,553.9,2,周一
2025-10-07,预备,3.0,936.7,312.2,3,周二
2025-10-07,初级,14.0,7002.7,500.2,3,周二
2025-10-07,中级,13.3,7131.3,534.9,3,周二
2025-10-07,高级,9.0,4264.0,473.8,4,周二
2025-10-08,预备,1.7,570.0,342.0,3,周三
2025-10-08,初级,5.2,2956.0,568.5,5,周三
2025-10-08,中级,18.0,9517.5,528.8,2,周三
2025-10-08,高级,9.7,5097.7,527.3,3,周三
2025-10-09,预备,3.7,1356.0,369.8,3,周四
2025-10-09,初级,10.5,5345.0,509.0,4,周四
2025-10-09,中级,13.0,6392.0,491.7,3,周四
2025-10-09,高级,14.0,8101.3,578.7,3,周四
2025-10-10,预备,3.5,1540.0,440.0,2,周五
2025-10-10,初级,11.0,6088.7,553.5,3,周五
2025-10-10,中级,9.8,5249.5,538.4,4,周五
2025-10-10,高级,18.0,10495.0,583.1,2,周五
2025-10-11,预备,3.5,1920.0,548.6,2,周六
2025-10-11,初级,9.0,3325.0,369.4,2,周六
2025-10-11,中级,23.0,12098.0,526.0,2,周六
2025-10-11,高级,11.2,5567.3,498.6,6,周六
2025-10-12,预备,2.0,740.0,370.0,1,周日
2025-10-12,初级,10.7,5226.0,489.9,3,周日
2025-10-12,中级,28.5,15104.0,530.0,2,周日
2025-10-12,高级,23.3,12894.7,552.6,3,周日
2025-10-13,初级,20.0,9861.5,493.1,2,周一
2025-10-13,中级,27.0,13667.0,506.2,2,周一
2025-10-13,高级,17.7,8370.0,473.8,3,周一
2025-10-14,预备,1.0,260.0,260.0,1,周二
2025-10-14,初级,7.5,3830.0,510.7,2,周二
2025-10-14,中级,13.0,6698.5,515.3,4,周二
2025-10-14,高级,10.3,5568.7,538.9,3,周二
2025-10-15,初级,9.0,4332.7,481.4,3,周三
2025-10-15,中级,22.5,10624.0,472.2,2,周三
2025-10-15,高级,21.5,9653.0,449.0,2,周三
2025-10-16,预备,2.8,1275.0,463.6,4,周四
2025-10-16,初级,10.5,5027.0,478.8,4,周四
2025-10-16,中级,22.0,10715.3,487.1,3,周四
2025-10-16,高级,10.5,5768.5,549.4,2,周四
2025-10-17,预备,1.3,656.7,492.5,3,周五
2025-10-17,初级,13.0,6197.0,476.7,2,周五
2025-10-17,中级,16.6,8653.2,521.3,5,周五
2025-10-17,高级,7.5,3781.0,504.1,2,周五
2025-10-18,预备,3.5,1675.0,478.6,2,周六
2025-10-18,初级,16.0,9910.0,619.4,2,周六
2025-10-18,中级,16.7,9330.7,559.8,3,周六
2025-10-18,高级,20.0,11568.7,578.4,3,周六
2025-10-19,预备,2.3,993.3,425.7,3,周日
2025-10-19,初级,14.3,7365.3,513.9,3,周日
2025-10-19,中级,20.5,10427.5,508.7,4,周日
2025-10-19,高级,11.0,6005.2,545.9,5,周日
2025-10-20,预备,3.5,1800.0,514.3,2,周一
2025-10-20,初级,12.3,6403.3,519.2,3,周一
2025-10-20,中级,12.8,6695.2,523.1,5,周一
2025-10-20,高级,14.7,7034.7,479.6,3,周一
2025-10-21,预备,2.7,1660.0,622.5,3,周二
2025-10-21,初级,10.5,4826.0,459.6,4,周二
2025-10-21,中级,19.0,9719.3,511.5,3,周二
2025-10-21,高级,17.5,8352.0,477.3,2,周二
2025-10-22,预备,2.7,913.3,342.5,3,周三
2025-10-22,初级,13.3,5840.0,438.0,3,周三
2025-10-22,中级,13.8,7237.0,526.3,4,周三
2025-10-22,高级,5.0,2576.0,515.2,4,周三
2025-10-23,预备,2.8,1052.5,382.7,4,周四
2025-10-23,初级,10.7,6225.0,583.6,3,周四
2025-10-23,中级,19.2,10095.0,524.4,4,周四
2025-10-23,高级,12.0,9216.0,768.0,1,周四
2025-10-24,预备,2.4,958.0,399.2,5,周五
2025-10-24,初级,7.0,3782.7,540.4,3,周五
2025-10-24,中级,15.8,8080.5,513.0,4,周五
2025-10-24,高级,12.5,6140.0,491.2,2,周五
2025-10-25,预备,3.5,805.0,230.0,2,周六
2025-10-25,初级,20.0,11300.0,565.0,1,周六
2025-10-25,中级,21.2,10416.0,490.2,4,周六
2025-10-25,高级,12.2,6197.0,505.9,4,周六
2025-10-26,预备,2.7,1233.3,462.5,3,周日
2025-10-26,初级,19.0,10178.0,535.7,2,周日
2025-10-26,中级,26.5,12751.0,481.2,2,周日
2025-10-26,高级,21.5,10963.8,509.9,4,周日
2025-10-27,预备,4.8,2220.0,467.4,4,周一
2025-10-27,初级,10.3,6812.7,659.3,3,周一
2025-10-27,中级,22.3,11238.0,503.2,3,周一
2025-10-27,高级,18.0,8755.5,486.4,2,周一
2025-10-28,预备,3.0,1216.7,405.6,3,周二
2025-10-28,初级,13.0,6719.3,516.9,3,周二
2025-10-28,中级,13.4,6058.8,452.1,5,周二
2025-10-28,高级,17.0,9429.0,554.6,2,周二
2025-10-29,预备,3.0,1176.7,392.2,3,周三
2025-10-29,初级,7.0,4157.5,593.9,4,周三
2025-10-29,中级,12.5,6075.0,486.0,4,周三
2025-10-29,高级,9.5,4738.5,498.8,4,周三
2025-10-30,预备,3.6,1622.0,450.6,5,周四
2025-10-30,初级,11.0,6019.0,547.2,2,周四
2025-10-30,中级,14.2,7728.5,542.4,4,周四
2025-10-30,高级,10.7,5278.7,494.9,3,周四
2025-10-31,预备,2.8,1242.5,451.8,4,周五
2025-10-31,初级,12.0,6094.0,507.8,2,周五
2025-10-31,中级,13.5,7736.5,573.1,4,周五
2025-10-31,高级,10.7,5868.3,550.2,3,周五
2025-11-01,预备,4.0,1400.0,350.0,1,周六
2025-11-01,初级,16.0,8626.0,539.1,3,周六
2025-11-01,中级,16.3,8404.7,514.6,3,周六
2025-11-01,高级,16.0,9172.7,573.3,3,周六
2025-11-02,预备,4.2,1637.5,385.3,4,周日
2025-11-02,初级,18.0,7840.0,435.6,2,周日
2025-11-02,中级,10.3,5276.7,510.6,3,周日
2025-11-02,高级,17.5,9008.2,514.8,4,周日
2025-11-03,预备,2.2,885.0,393.3,4,周一
2025-11-03,初级,8.8,5087.0,581.4,4,周一
2025-11-03,中级,11.8,5621.0,478.4,4,周一
2025-11-03,高级,11.7,6298.7,539.9,3,周一
2025-11-04,预备,3.2,1142.5,351.5,4,周二
2025-11-04,初级,10.2,5625.0,548.8,4,周二
2025-11-04,中级,17.2,8982.5,520.7,4,周二
2025-11-04,高级,8.5,3784.5,445.2,4,周二
2025-11-05,预备,4.3,2276.7,525.4,3,周三
2025-11-05,初级,10.0,5459.0,545.9,2,周三
2025-11-05,中级,19.2,9804.8,509.3,4,周三
2025-11-05,高级,7.7,4174.3,544.5,3,周三
2025-11-06,预备,3.5,1760.0,502.9,2,周四
2025-11-06,初级,15.0,7355.0,490.3,2,周四
2025-11-06,中级,19.7,10136.7,515.4,3,周四
2025-11-06,高级,19.0,9870.0,519.5,2,周四
2025-11-07,预备,3.0,670.0,223.3,1,周五
2025-11-07,初级,13.5,6770.0,501.5,2,周五
2025-11-07,中级,17.8,8985.0,506.2,4,周五
2025-11-07,高级,10.0,5074.0,507.4,2,周五
2025-11-08,预备,3.5,1545.0,441.4,2,周六
2025-11-08,初级,15.2,8744.5,573.4,4,周六
2025-11-08,中级,17.7,9008.0,509.9,3,周六
2025-11-08,高级,18.0,9835.0,546.4,3,周六
2025-11-09,预备,4.0,1842.5,460.6,4,周日
2025-11-09,初级,14.3,7460.0,520.5,3,周日
2025-11-09,中级,11.0,5510.3,500.9,3,周日
2025-11-09,高级,20.0,10789.2,539.5,4,周日
2025-11-10,预备,5.3,2803.3,525.6,3,周一
2025-11-10,初级,14.2,7450.0,522.8,4,周一
2025-11-10,中级,17.7,9105.7,515.4,3,周一
2025-11-10,高级,5.3,2902.7,544.2,3,周一
2025-11-11,预备,2.5,1187.5,475.0,4,周二
2025-11-11,初级,8.7,4053.3,467.7,3,周二
2025-11-11,中级,18.8,9608.0,512.4,4,周二
2025-11-11,高级,13.7,7029.3,514.3,3,周二
2025-11-12,预备,2.3,986.7,422.9,3,周三
2025-11-12,初级,9.8,5410.0,554.9,4,周三
2025-11-12,中级,19.0,10405.3,547.6,3,周三
2025-11-12,高级,27.0,13598.0,503.6,1,周三
2025-11-13,预备,2.5,805.0,322.0,4,周四
2025-11-13,初级,12.0,6404.0,533.7,4,周四
2025-11-13,中级,23.0,10782.0,468.8,3,周四
2025-11-13,高级,32.0,16607.0,519.0,1,周四
2025-11-14,预备,3.0,1563.3,521.1,3,周五
2025-11-14,初级,11.0,6110.0,555.5,3,周五
2025-11-14,中级,13.3,6379.3,478.4,3,周五
2025-11-14,高级,16.0,8938.0,558.6,2,周五
2025-11-15,预备,4.7,2020.0,432.9,3,周六
2025-11-15,初级,12.2,6004.5,490.2,4,周六
2025-11-15,中级,25.0,11082.0,443.3,2,周六
2025-11-15,高级,15.4,7520.4,488.3,5,周六
2025-11-16,预备,6.7,3066.7,460.0,3,周日
2025-11-16,初级,17.0,8387.3,493.4,3,周日
2025-11-16,中级,21.0,10191.0,485.3,2,周日
2025-11-16,高级,28.3,13987.7,493.7,3,周日
2025-11-17,预备,2.5,810.0,324.0,2,周一
2025-11-17,初级,13.0,6530.0,502.3,3,周一
2025-11-17,中级,22.7,11783.7,519.9,3,周一
2025-11-17,高级,11.5,6758.5,587.7,2,周一
2025-11-18,预备,6.8,3825.0,566.7,4,周二
2025-11-18,初级,15.5,7945.0,512.6,2,周二
2025-11-18,中级,12.8,6513.8,508.9,5,周二
2025-11-18,高级,6.2,3064.5,490.3,4,周二
2025-11-19,预备,3.5,1667.5,476.4,4,周三
2025-11-19,初级,9.5,4382.5,461.3,4,周三
2025-11-19,中级,17.8,8145.5,458.9,4,周三
2025-11-19,高级,19.0,8794.0,462.8,1,周三
2025-11-20,预备,5.0,2660.0,532.0,2,周四
2025-11-20,初级,14.0,7990.0,570.7,2,周四
2025-11-20,中级,18.0,8640.5,480.0,4,周四
2025-11-20,高级,9.0,4694.0,521.6,3,周四
2025-11-21,预备,5.7,3360.0,592.9,3,周五
2025-11-21,初级,15.5,9413.0,607.3,2,周五
2025-11-21,中级,23.3,11736.7,503.0,3,周五
2025-11-21,高级,5.3,2814.7,527.8,3,周五
2025-11-22,初级,15.5,7690.0,496.1,2,周六
2025-11-22,中级,14.5,7589.5,523.4,4,周六
2025-11-22,高级,15.0,7368.5,491.2,4,周六
2025-11-23,预备,5.6,2528.8,451.6,5,周日
2025-11-23,初级,16.7,8245.3,494.7,3,周日
2025-11-23,中级,16.7,7730.0,463.8,3,周日
2025-11-23,高级,13.2,6532.8,496.2,6,周日
2025-11-24,预备,3.8,1722.5,459.3,4,周一
2025-11-24,初级,10.3,4950.0,479.0,3,周一
2025-11-24,中级,16.0,9302.5,581.4,4,周一
2025-11-24,高级,9.5,5256.5,553.3,2,周一
2025-11-25,预备,4.8,2775.0,584.2,4,周二
2025-11-25,初级,12.0,6183.3,515.3,3,周二
2025-11-25,中级,12.5,6734.0,538.7,4,周二
2025-11-25,高级,11.5,5979.0,519.9,2,周二
2025-11-26,预备,3.7,2330.0,635.5,3,周三
2025-11-26,初级,10.3,5946.7,575.5,3,周三
2025-11-26,中级,14.8,8414.0,570.4,4,周三
2025-11-26,高级,19.0,8696.0,457.7,1,周三
2025-11-27,预备,5.5,2833.5,515.2,4,周四
2025-11-27,初级,9.7,4486.0,464.1,3,周四
2025-11-27,中级,19.0,9770.0,514.2,3,周四
2025-11-27,高级,8.5,4471.0,526.0,2,周四
2025-11-28,预备,4.4,2686.0,610.5,5,周五
2025-11-28,初级,11.3,6530.0,576.2,3,周五
2025-11-28,中级,15.8,8760.5,556.2,4,周五
2025-11-28,高级,11.5,5374.0,467.3,2,周五
2025-11-29,预备,8.5,4610.0,542.4,2,周六
2025-11-29,初级,14.3,7259.3,506.5,3,周六
2025-11-29,中级,21.5,11265.0,524.0,2,周六
2025-11-29,高级,27.3,14319.3,523.9,3,周六
2025-11-30,预备,4.7,2010.0,430.7,3,周日
2025-11-30,初级,13.7,7750.0,567.1,3,周日
2025-11-30,中级,13.8,6823.5,496.3,4,周日
2025-11-30,高级,19.8,11142.6,562.8,5,周日
2025-12-01,预备,6.3,3286.7,518.9,3,周一
2025-12-01,初级,11.7,6686.7,573.1,3,周一
2025-12-01,中级,11.8,6166.5,524.8,4,周一
2025-12-01,高级,8.5,4929.0,579.9,2,周一
2025-12-02,预备,6.8,3960.0,586.7,4,周二
2025-12-02,初级,8.8,4694.5,536.5,4,周二
2025-12-02,中级,16.7,8930.7,535.8,3,周二
2025-12-02,高级,17.0,9380.0,551.8,1,周二
2025-12-03,预备,5.0,2262.5,452.5,4,周三
2025-12-03,初级,11.0,5860.0,532.7,3,周三
2025-12-03,中级,16.0,8065.5,504.1,4,周三
2025-12-03,高级,15.0,8484.5,565.6,2,周三
2025-12-04,预备,6.0,2743.3,457.2,3,周四
2025-12-04,初级,10.2,5437.5,530.5,4,周四
2025-12-04,中级,25.3,12875.3,508.2,3,周四
2025-12-04,高级,20.0,8800.0,440.0,1,周四
2025-12-05,预备,7.0,4256.0,608.0,5,周五
2025-12-05,初级,19.0,11189.0,588.9,2,周五
2025-12-05,中级,18.2,9953.5,545.4,4,周五
2025-12-05,高级,8.5,4270.0,502.4,2,周五
2025-12-06,预备,7.0,3673.3,524.8,3,周六
2025-12-06,初级,16.7,9176.7,550.6,3,周六
2025-12-06,中级,12.7,6689.3,528.1,3,周六
2025-12-06,高级,19.0,9274.0,488.1,3,周六
2025-12-07,预备,9.2,5009.5,541.6,4,周日
2025-12-07,初级,13.7,6250.0,457.3,3,周日
2025-12-07,中级,27.5,14232.0,517.5,2,周日
2025-12-07,高级,13.4,7299.2,544.7,5,周日
2025-12-08,预备,7.8,3677.5,474.5,4,周一
2025-12-08,初级,10.8,6674.0,620.8,4,周一
2025-12-08,中级,16.5,7531.0,456.4,4,周一
2025-12-08,高级,7.5,4046.0,539.5,4,周一
2025-12-09,预备,5.5,2558.0,465.1,4,周二
2025-12-09,初级,13.0,7364.0,566.5,3,周二
2025-12-09,中级,17.8,9009.8,507.6,4,周二
2025-12-09,高级,8.3,5043.7,605.2,3,周二
2025-12-10,预备,6.8,4222.0,620.9,5,周三
2025-12-10,初级,11.3,6240.0,550.6,3,周三
2025-12-10,中级,13.0,7019.1,539.9,5,周三
2025-12-10,高级,11.5,6409.0,557.3,2,周三
2025-12-11,预备,4.6,2474.0,537.8,5,周四
2025-12-11,初级,13.3,7636.7,572.8,3,周四
2025-12-11,中级,16.7,9136.0,548.2,3,周四
2025-12-11,高级,11.0,5431.0,493.7,2,周四
2025-12-12,预备,5.3,3033.3,568.8,6,周五
2025-12-12,初级,7.8,4521.5,583.4,4,周五
2025-12-12,中级,20.7,10987.3,531.6,3,周五
2025-12-12,高级,16.0,6338.0,396.1,1,周五
2025-12-13,预备,6.0,3653.3,608.9,3,周六
2025-12-13,初级,9.5,5325.0,560.5,2,周六
2025-12-13,中级,18.0,9606.0,533.7,3,周六
2025-12-13,高级,17.0,8560.8,503.6,5,周六
2025-12-14,预备,7.3,4159.3,567.2,3,周日
2025-12-14,初级,20.5,11193.0,546.0,2,周日
2025-12-14,中级,29.0,15007.0,517.5,2,周日
2025-12-14,高级,19.2,11420.0,593.2,4,周日
2025-12-15,预备,5.5,3323.3,604.2,6,周一
2025-12-15,初级,13.0,8730.0,671.5,1,周一
2025-12-15,中级,14.2,8532.0,598.7,4,周一
2025-12-15,高级,13.0,6928.0,532.9,3,周一
2025-12-16,预备,4.5,2433.3,540.7,6,周二
2025-12-16,初级,14.7,8090.0,551.6,3,周二
2025-12-16,中级,21.5,11157.0,518.9,2,周二
2025-12-16,高级,16.7,8595.7,515.7,3,周二
2025-12-17,预备,6.0,2690.0,448.3,4,周三
2025-12-17,初级,12.0,5665.3,472.1,3,周三
2025-12-17,中级,19.7,9601.3,488.2,3,周三
2025-12-17,高级,9.5,4918.0,517.7,2,周三
2025-12-18,预备,6.0,3420.0,570.0,1,周四
2025-12-18,初级,13.7,6993.3,511.7,3,周四
2025-12-18,中级,18.0,10009.5,556.1,4,周四
2025-12-18,高级,18.0,9885.0,549.2,1,周四
2025-12-19,预备,6.0,3158.0,526.3,5,周五
2025-12-19,初级,12.7,7473.3,590.0,3,周五
2025-12-19,中级,11.8,5884.5,500.8,4,周五
2025-12-19,高级,9.0,4123.0,458.1,2,周五
2025-12-20,预备,7.0,3123.3,446.2,3,周六
2025-12-20,初级,20.0,11720.0,586.0,1,周六
2025-12-20,中级,17.0,9108.0,535.8,3,周六
2025-12-20,高级,27.3,14514.7,531.0,3,周六
2025-12-21,预备,8.0,3847.5,480.9,4,周日
2025-12-21,初级,13.2,6404.5,483.4,4,周日
2025-12-21,中级,21.0,11382.0,542.0,2,周日
2025-12-21,高级,13.3,6546.7,491.0,6,周日
2025-12-22,预备,6.7,4136.7,620.5,3,周一
2025-12-22,初级,13.3,6232.0,467.4,3,周一
2025-12-22,中级,12.0,6328.0,527.3,3,周一
2025-12-22,高级,15.5,8066.0,520.4,2,周一
2025-12-23,预备,3.0,1212.5,404.2,4,周二
2025-12-23,初级,14.2,8192.0,574.9,4,周二
2025-12-23,中级,21.0,9978.0,475.1,2,周二
2025-12-23,高级,12.5,6580.0,526.4,2,周二
2025-12-24,预备,5.3,2646.7,496.2,3,周三
2025-12-24,初级,13.0,5866.0,451.2,3,周三
2025-12-24,中级,17.0,8295.5,488.0,4,周三
2025-12-24,高级,6.3,4007.3,632.7,3,周三
2025-12-25,预备,6.5,3340.0,513.8,4,周四
2025-12-25,初级,14.0,7590.0,542.1,2,周四
2025-12-25,中级,21.3,10942.0,512.9,3,周四
2025-12-25,高级,11.5,5694.0,495.1,2,周四
2025-12-26,预备,7.2,4827.5,665.9,4,周五
2025-12-26,初级,13.5,8054.0,596.6,2,周五
2025-12-26,中级,19.5,12020.0,616.4,2,周五
2025-12-26,高级,11.5,6656.0,578.8,4,周五
2025-12-27,预备,11.7,6323.3,542.0,3,周六
2025-12-27,初级,19.5,10945.0,561.3,2,周六
2025-12-27,中级,16.3,9535.3,583.8,3,周六
2025-12-27,高级,32.3,17380.7,537.5,3,周六
2025-12-28,预备,7.7,4086.7,533.0,3,周日
2025-12-28,初级,11.7,6853.3,587.4,3,周日
2025-12-28,中级,27.5,15426.5,561.0,2,周日
2025-12-28,高级,18.0,10253.8,569.7,4,周日
2025-12-29,预备,6.0,3295.0,549.2,4,周一
2025-12-29,初级,13.7,7451.3,545.2,3,周一
2025-12-29,中级,16.3,8050.0,492.9,3,周一
2025-12-29,高级,16.7,8928.7,535.7,3,周一
2025-12-30,预备,8.0,3835.0,479.4,2,周二
2025-12-30,初级,15.3,7464.7,486.8,3,周二
2025-12-30,中级,18.3,9302.0,507.4,3,周二
2025-12-30,高级,16.0,7707.0,481.7,2,周二
2025-12-31,预备,2.0,1145.0,572.5,2,周三
2025-12-31,初级,5.7,2800.0,494.1,3,周三
2025-12-31,中级,11.5,5598.0,486.8,2,周三
2025-12-31,高级,9.0,4994.0,554.9,2,周三
2026-01-01,预备,8.5,4860.0,571.8,2,周四
2026-01-01,初级,15.8,9240.0,586.7,4,周四
2026-01-01,中级,27.0,15498.5,574.0,2,周四
2026-01-01,高级,25.0,14736.5,589.5,2,周四
2026-01-02,预备,4.3,2263.3,522.3,3,周五
2026-01-02,初级,10.8,6440.0,599.1,4,周五
2026-01-02,中级,13.0,6986.0,537.4,5,周五
2026-01-02,高级,16.0,8036.7,502.3,3,周五
2026-01-03,预备,7.3,3500.0,477.3,3,周六
2026-01-03,初级,13.0,7340.0,564.6,4,周六
2026-01-03,中级,19.5,10484.0,537.6,2,周六
2026-01-03,高级,15.0,7672.0,511.5,4,周六
2026-01-04,预备,6.5,3143.3,483.6,6,周日
2026-01-04,初级,13.8,6497.0,472.5,4,周日
2026-01-04,中级,11.0,5761.3,523.8,3,周日
2026-01-04,高级,17.0,8517.5,501.0,4,周日
2026-01-05,预备,2.0,985.0,492.5,2,周一
2026-01-05,初级,15.3,9149.3,596.7,3,周一
2026-01-05,中级,14.6,8245.8,564.8,5,周一
2026-01-05,高级,8.3,4277.7,513.3,3,周一
2026-01-06,预备,9.3,4333.3,464.3,3,周二
2026-01-06,初级,14.3,6833.3,476.7,3,周二
2026-01-06,中级,13.3,6546.7,491.0,3,周二
2026-01-06,高级,20.0,9856.5,492.8,2,周二
2026-01-07,预备,5.0,2800.0,560.0,3,周三
2026-01-07,初级,12.5,6893.8,551.5,4,周三
2026-01-07,中级,15.7,8248.7,526.5,3,周三
2026-01-07,高级,12.3,6627.7,537.4,3,周三
2026-01-08,预备,4.7,2839.3,608.4,3,周四
2026-01-08,初级,12.8,7029.5,551.3,4,周四
2026-01-08,中级,9.8,5576.0,571.9,4,周四
2026-01-08,高级,9.0,4932.0,548.0,4,周四
2026-01-09,预备,5.7,3113.3,549.4,3,周五
2026-01-09,初级,12.5,7512.5,601.0,4,周五
2026-01-09,中级,15.0,7317.3,487.8,3,周五
2026-01-09,高级,14.7,8902.0,607.0,3,周五
2026-01-10,预备,12.5,6650.0,532.0,2,周六
2026-01-10,初级,14.2,7664.5,537.9,4,周六
2026-01-10,中级,12.0,6600.0,550.0,2,周六
2026-01-10,高级,19.2,10692.5,555.5,4,周六
2026-01-11,预备,5.6,2746.0,490.4,5,周日
2026-01-11,初级,20.0,10139.3,507.0,3,周日
2026-01-11,中级,14.7,7828.7,533.8,3,周日
2026-01-11,高级,16.8,9064.0,539.5,5,周日
2026-01-12,预备,7.0,3873.3,553.3,3,周一
2026-01-12,初级,13.3,7666.7,575.0,3,周一
2026-01-12,中级,18.5,10800.0,583.8,2,周一
2026-01-12,高级,13.7,7396.0,541.2,3,周一
2026-01-13,预备,9.0,4830.0,536.7,2,周二
2026-01-13,初级,15.7,9356.0,597.2,3,周二
2026-01-13,中级,19.0,10295.3,541.9,3,周二
2026-01-13,高级,7.8,4258.2,549.5,4,周二
2026-01-14,预备,8.3,4340.0,520.8,3,周三
2026-01-14,初级,16.7,8028.0,481.7,3,周三
2026-01-14,中级,18.3,10240.0,558.5,3,周三
2026-01-14,高级,13.0,7034.0,541.1,1,周三
2026-01-15,预备,5.7,2663.3,470.0,3,周四
2026-01-15,初级,13.7,7706.7,563.9,3,周四
2026-01-15,中级,16.6,8788.4,529.4,5,周四
2026-01-15,高级,11.0,5010.0,455.5,2,周四
2026-01-16,预备,5.5,3275.0,595.5,2,周五
2026-01-16,初级,11.5,6950.0,604.3,4,周五
2026-01-16,中级,16.3,8583.3,525.5,3,周五
2026-01-16,高级,10.0,5543.0,554.3,2,周五
2026-01-17,预备,10.0,4987.5,498.8,4,周六
2026-01-17,初级,13.5,7062.5,523.1,4,周六
2026-01-17,中级,23.0,11472.0,498.8,2,周六
2026-01-17,高级,18.3,9542.0,520.5,3,周六
2026-01-18,预备,6.2,3172.0,507.5,4,周日
2026-01-18,初级,18.3,8150.0,444.5,3,周日
2026-01-18,中级,5.5,2914.0,529.8,2,周日
2026-01-18,高级,19.0,9950.3,523.7,6,周日
2026-01-19,预备,10.3,5893.3,570.3,3,周一
2026-01-19,初级,14.3,6940.0,484.2,3,周一
2026-01-19,中级,13.2,7270.0,548.7,4,周一
2026-01-19,高级,21.5,11279.0,524.6,2,周一
2026-01-20,预备,8.3,4173.3,500.8,3,周二
2026-01-20,初级,13.5,7220.0,534.8,2,周二
2026-01-20,中级,19.3,10467.3,541.4,3,周二
2026-01-20,高级,7.2,4141.5,571.2,4,周二
2026-01-21,预备,8.0,4245.0,530.6,2,周三
2026-01-21,初级,14.3,6920.0,482.8,3,周三
2026-01-21,中级,13.7,7362.7,538.7,3,周三
2026-01-21,高级,15.7,6439.3,411.0,3,周三
2026-01-22,预备,6.3,3012.7,475.7,3,周四
2026-01-22,初级,13.2,6924.0,524.5,5,周四
2026-01-22,中级,24.0,14536.0,605.7,1,周四
2026-01-22,高级,13.3,7176.7,538.2,3,周四
2026-01-23,预备,9.5,5370.0,565.3,2,周五
2026-01-23,初级,15.7,7713.3,492.3,3,周五
2026-01-23,中级,13.7,7053.3,516.1,3,周五
2026-01-23,高级,9.0,4248.2,472.0,4,周五
2026-01-24,预备,6.0,2635.0,439.2,4,周六
2026-01-24,初级,16.5,7631.0,462.5,2,周六
2026-01-24,中级,15.2,7582.4,498.8,5,周六
2026-01-24,高级,20.2,10437.5,515.4,4,周六
2026-01-25,预备,7.6,3721.6,489.7,5,周日
2026-01-25,初级,19.0,9135.3,480.8,3,周日
2026-01-25,中级,9.0,4670.0,518.9,3,周日
2026-01-25,高级,15.8,8236.8,521.3,5,周日
2026-01-26,预备,9.0,4963.6,551.5,5,周一
2026-01-26,初级,17.0,8781.0,516.5,2,周一
2026-01-26,中级,25.3,13780.0,543.9,3,周一
2026-01-26,高级,20.7,11040.7,534.2,3,周一
2026-01-27,预备,8.7,4468.0,515.5,3,周二
2026-01-27,初级,14.3,7815.3,545.3,3,周二
2026-01-27,中级,22.5,12531.0,556.9,2,周二
2026-01-27,高级,12.3,6199.7,502.7,3,周二
2026-01-28,预备,6.0,3299.3,549.9,3,周三
2026-01-28,初级,16.3,8893.3,544.5,3,周三
2026-01-28,中级,24.0,13178.0,549.1,1,周三
2026-01-28,高级,30.5,15653.7,513.2,2,周三
2026-01-29,预备,4.3,2226.7,513.8,3,周四
2026-01-29,初级,13.2,7378.0,556.8,4,周四
2026-01-29,中级,20.0,10931.3,546.6,3,周四
2026-01-29,高级,10.8,5473.5,509.2,4,周四
2026-01-30,预备,1.0,625.0,625.0,2,周五
2026-01-30,初级,16.7,10790.0,647.4,3,周五
2026-01-30,中级,17.7,10306.7,583.4,3,周五
2026-01-30,高级,13.0,7082.0,544.8,3,周五
2026-01-31,预备,7.3,3420.0,466.4,3,周六
2026-01-31,初级,18.0,10756.7,597.6,3,周六
2026-01-31,中级,30.0,14268.0,475.6,1,周六
2026-01-31,高级,13.8,7569.0,548.5,5,周六
2026-02-01,预备,5.8,2968.0,508.8,6,周日
2026-02-01,初级,22.0,10785.3,490.2,3,周日
2026-02-01,中级,30.0,16328.0,544.3,2,周日
2026-02-01,高级,18.0,9314.4,517.5,5,周日
2026-02-02,预备,4.5,2315.0,514.4,4,周一
2026-02-02,初级,15.3,7933.3,517.4,3,周一
2026-02-02,中级,10.8,5354.5,498.1,4,周一
2026-02-02,高级,12.8,6719.8,527.0,4,周一
2026-02-03,预备,6.3,3430.0,541.6,3,周二
2026-02-03,初级,15.2,8429.5,552.8,4,周二
2026-02-03,中级,24.5,14203.0,579.7,2,周二
2026-02-03,高级,7.5,3501.0,466.8,4,周二
2026-02-04,预备,7.0,3450.0,492.9,3,周三
2026-02-04,初级,13.0,5901.5,454.0,4,周三
2026-02-04,中级,26.5,11692.0,441.2,2,周三
2026-02-04,高级,14.5,7552.0,520.8,2,周三
2026-02-05,预备,7.0,3464.0,494.9,5,周四
2026-02-05,初级,17.0,7229.0,425.2,2,周四
2026-02-05,中级,12.5,6547.5,523.8,4,周四
2026-02-05,高级,23.5,11525.5,490.4,2,周四
2026-02-06,预备,8.3,4190.0,502.8,3,周五
2026-02-06,初级,13.0,6640.0,510.8,3,周五
2026-02-06,中级,19.0,10611.0,558.5,2,周五
2026-02-06,高级,11.0,5402.0,491.1,3,周五
2026-02-07,预备,11.0,5504.0,500.4,2,周六
2026-02-07,初级,15.0,7058.7,470.6,3,周六
2026-02-07,中级,17.5,8529.0,487.4,2,周六
2026-02-07,高级,14.2,7320.0,515.5,5,周六
2026-02-08,预备,6.8,3560.0,527.4,4,周日
2026-02-08,初级,17.0,9206.7,541.6,3,周日
2026-02-08,中级,8.0,3946.0,493.2,3,周日
2026-02-08,高级,17.8,9278.0,522.7,4,周日
2026-02-09,预备,7.6,3818.0,502.4,5,周一
2026-02-09,初级,18.0,9308.0,517.1,1,周一
2026-02-09,中级,15.8,7779.2,492.4,5,周一
2026-02-09,高级,15.5,7827.0,505.0,2,周一
2026-02-10,预备,7.8,4319.0,557.3,4,周二
2026-02-10,初级,13.0,7416.0,570.5,1,周二
2026-02-10,中级,11.2,5593.7,500.9,6,周二
2026-02-10,高级,8.0,3794.7,474.3,3,周二
2026-02-11,预备,5.8,3216.0,554.5,5,周三
2026-02-11,初级,18.7,10076.7,539.8,3,周三
2026-02-11,中级,16.3,8359.3,511.8,3,周三
2026-02-11,高级,15.0,6923.0,461.5,2,周三
2026-02-12,初级,11.0,6305.0,573.2,4,周四
2026-02-12,中级,1.0,330.0,330.0,1,周四
2026-02-12,高级,14.8,7807.0,529.3,4,周四
2026-02-13,初级,16.0,7926.7,495.4,3,周五
2026-02-13,中级,19.0,9720.0,511.6,1,周五
2026-02-13,高级,12.2,6715.6,550.5,5,周五
2026-02-14,初级,11.0,4650.0,422.7,2,周六
2026-02-14,高级,7.8,3386.5,437.0,4,周六
2026-02-24,初级,8.7,4660.0,537.7,3,周二
2026-02-24,中级,24.0,13700.5,570.9,4,周二
2026-02-24,高级,14.0,8333.3,595.2,3,周二
2026-02-25,预备,3.0,940.0,313.3,1,周三
2026-02-25,初级,14.5,6600.0,455.2,2,周三
2026-02-25,中级,14.0,7794.5,556.8,4,周三
2026-02-25,高级,24.0,11858.0,494.1,2,周三
2026-02-26,预备,2.0,982.5,491.2,4,周四
2026-02-26,初级,8.3,4373.3,524.8,3,周四
2026-02-26,中级,19.2,10511.5,546.1,4,周四
2026-02-26,高级,13.8,7001.0,509.2,4,周四
2026-02-27,预备,5.5,3397.5,617.7,4,周五
2026-02-27,初级,12.3,6453.3,523.2,3,周五
2026-02-27,中级,16.0,8925.5,557.8,4,周五
2026-02-27,高级,9.5,5224.5,549.9,4,周五
2026-02-28,预备,7.2,3661.6,508.6,5,周六
2026-02-28,初级,20.5,11104.0,541.7,4,周六
2026-02-28,中级,2.0,734.0,367.0,2,周六
2026-02-28,高级,21.7,11736.7,541.7,3,周六
2026-03-01,预备,9.5,4587.0,482.8,4,周日
2026-03-01,初级,13.5,6782.5,502.4,4,周日
2026-03-01,中级,16.0,8356.0,522.2,4,周日
2026-03-01,高级,23.8,11813.2,497.4,4,周日
2026-03-02,预备,6.2,3397.5,543.6,4,周一
2026-03-02,初级,13.0,7337.5,564.4,4,周一
2026-03-02,中级,15.7,8626.7,550.6,3,周一
2026-03-02,高级,22.5,11021.0,489.8,2,周一
2026-03-03,预备,5.5,2720.0,494.5,2,周二
2026-03-03,初级,13.2,6920.0,522.3,4,周二
2026-03-03,中级,18.5,10090.0,545.4,2,周二
2026-03-03,高级,9.8,5288.5,542.4,4,周二
2026-03-04,预备,8.0,4175.0,521.9,4,周三
2026-03-04,初级,13.3,6352.0,476.4,3,周三
2026-03-04,中级,16.7,8581.3,514.9,3,周三
2026-03-04,高级,15.0,7148.0,476.5,3,周三
2026-03-05,预备,6.6,3644.0,552.1,5,周四
2026-03-05,初级,16.5,9354.0,566.9,2,周四
2026-03-05,中级,26.5,13980.0,527.5,2,周四
2026-03-05,高级,21.5,11394.0,530.0,2,周四
2026-03-06,预备,10.8,6687.5,622.1,4,周五
2026-03-06,初级,17.5,9730.0,556.0,2,周五
2026-03-06,中级,21.0,11940.0,568.6,3,周五
2026-03-06,高级,9.8,5110.4,521.5,5,周五
2026-03-07,预备,11.0,7923.3,720.3,3,周六
2026-03-07,初级,29.0,15016.0,517.8,2,周六
2026-03-07,中级,18.3,10036.7,547.5,3,周六
2026-03-07,高级,17.6,11110.8,631.3,5,周六
2026-03-08,预备,10.0,6139.0,613.9,3,周日
2026-03-08,初级,21.7,11619.7,536.3,3,周日
2026-03-08,中级,19.3,11268.7,582.9,3,周日
2026-03-08,高级,16.3,8692.0,532.2,3,周日
2026-03-09,预备,8.3,5083.3,610.0,3,周一
2026-03-09,初级,13.0,6589.6,506.9,5,周一
2026-03-09,中级,28.0,16228.0,579.6,1,周一
2026-03-09,高级,14.0,8321.7,594.4,3,周一
2026-03-10,预备,7.8,3940.0,508.4,4,周二
2026-03-10,初级,14.0,7536.0,538.3,5,周二
2026-03-10,中级,10.7,5644.7,529.2,3,周二
2026-03-10,高级,15.7,9109.0,581.4,3,周二
2026-03-11,预备,3.8,2246.0,591.1,5,周三
2026-03-11,初级,16.0,8170.0,510.6,4,周三
2026-03-11,中级,15.5,7754.0,500.3,2,周三
2026-03-11,高级,14.0,7618.5,544.2,4,周三
2026-03-12,预备,9.2,5118.0,556.3,5,周四
2026-03-12,初级,19.3,10568.0,546.6,3,周四
2026-03-12,中级,25.0,13044.0,521.8,1,周四
2026-03-12,高级,18.7,10053.3,538.6,3,周四
2026-03-13,预备,9.7,4500.0,465.5,3,周五
2026-03-13,初级,15.5,7744.0,499.6,4,周五
2026-03-13,中级,22.0,11163.0,507.4,1,周五
2026-03-13,高级,14.0,6526.3,466.2,3,周五
2026-03-14,预备,9.0,5828.0,647.6,2,周六
2026-03-14,初级,15.7,9080.0,579.6,3,周六
2026-03-14,中级,15.7,9602.7,612.9,3,周六
2026-03-14,高级,23.3,13600.0,582.9,3,周六
2026-03-15,预备,10.8,4957.5,461.2,4,周日
2026-03-15,初级,19.7,10375.3,527.6,3,周日
2026-03-15,中级,20.7,10588.0,512.3,3,周日
2026-03-15,高级,17.2,8766.0,509.7,5,周日
2026-03-16,预备,9.2,5102.5,551.6,4,周一
2026-03-16,初级,16.8,9704.5,579.4,4,周一
2026-03-16,中级,23.0,12385.0,538.5,1,周一
2026-03-16,高级,16.3,9257.0,566.8,3,周一
2026-03-17,预备,8.0,4285.0,535.6,4,周二
2026-03-17,初级,17.0,9183.3,540.2,3,周二
2026-03-17,中级,20.0,9601.0,480.1,2,周二
2026-03-17,高级,22.5,11380.0,505.8,2,周二
2026-03-18,预备,6.2,3228.0,520.6,5,周三
2026-03-18,初级,21.3,10121.3,474.4,3,周三
2026-03-18,中级,8.3,4226.7,507.2,3,周三
2026-03-18,高级,21.0,11074.0,527.3,2,周三
2026-03-19,预备,10.3,6048.0,585.3,3,周四
2026-03-19,初级,17.3,9578.0,552.6,3,周四
2026-03-19,中级,9.0,4494.5,499.4,4,周四
2026-03-19,高级,17.7,10289.3,582.4,3,周四
2026-03-20,预备,9.0,5656.7,628.5,3,周五
2026-03-20,初级,15.0,8281.5,552.1,4,周五
2026-03-20,中级,11.0,5962.7,542.1,3,周五
2026-03-20,高级,13.7,6980.7,510.8,3,周五
2026-03-21,预备,10.0,5848.7,584.9,3,周六
2026-03-21,初级,24.0,12429.0,517.9,2,周六
2026-03-21,中级,21.7,11659.3,538.1,3,周六
2026-03-21,高级,24.0,12946.0,539.4,3,周六
2026-03-22,预备,11.0,5872.7,533.9,3,周日
2026-03-22,初级,16.3,8070.7,494.1,3,周日
2026-03-22,中级,28.0,14434.0,515.5,2,周日
2026-03-22,高级,17.8,10306.5,580.6,4,周日
2026-03-23,预备,9.8,5419.5,555.8,4,周一
2026-03-23,初级,22.7,12632.0,557.3,3,周一
2026-03-23,中级,12.8,6970.5,546.7,4,周一
2026-03-23,高级,9.0,5954.0,661.6,2,周一
2026-03-24,预备,7.6,4428.0,582.6,5,周二
2026-03-24,初级,15.0,9775.0,651.7,2,周二
2026-03-24,中级,17.7,8524.0,482.5,3,周二
2026-03-24,高级,18.0,10200.5,566.7,2,周二
2026-03-25,预备,8.0,4276.7,534.6,3,周三
2026-03-25,初级,20.3,10717.7,527.1,3,周三
2026-03-25,中级,10.0,5372.0,537.2,3,周三
2026-03-25,高级,22.0,12927.5,587.6,2,周三
2026-03-26,预备,7.4,4652.0,628.6,5,周四
2026-03-26,初级,13.0,7585.0,583.5,4,周四
2026-03-26,中级,12.8,7100.5,556.9,4,周四
2026-03-26,高级,8.5,4794.0,564.0,2,周四
2026-03-27,预备,9.0,5782.0,642.4,5,周五
2026-03-27,初级,16.0,10400.0,650.0,3,周五
2026-03-27,中级,14.0,6944.0,496.0,2,周五
2026-03-27,高级,10.6,6120.4,577.4,5,周五
2026-03-28,预备,13.7,7740.0,566.3,3,周六
2026-03-28,初级,17.3,9552.7,551.1,3,周六
2026-03-28,中级,30.0,15817.5,527.2,2,周六
2026-03-28,高级,32.0,16592.0,518.5,2,周六
2026-03-29,预备,15.5,7860.0,507.1,2,周日
2026-03-29,初级,16.0,9988.0,624.2,1,周日
2026-03-29,中级,20.0,11339.0,567.0,4,周日
2026-03-29,高级,30.7,16566.7,540.2,3,周日
2026-03-30,预备,8.3,5043.3,605.2,3,周一
2026-03-30,初级,15.7,8816.7,562.8,3,周一
2026-03-30,中级,21.5,13012.0,605.2,2,周一
2026-03-30,高级,8.5,4061.0,477.8,2,周一
