年月,X线项目,医生编号,医生,医生等级,报告数量,审核数量,总数量
2024-01,腹部,01,戴榕全,高级,1,21,22
2024-02,腹部,01,戴榕全,高级,1,14,15
2024-03,腹部,01,戴榕全,高级,1,6,7
2024-04,腹部,01,戴榕全,高级,1,27,28
2024-05,腹部,01,戴榕全,高级,11,11,22
2024-06,腹部,01,戴榕全,高级,2,6,8
2024-07,腹部,01,戴榕全,高级,2,8,10
2024-08,腹部,01,戴榕全,高级,6,10,16
2024-09,腹部,01,戴榕全,高级,7,12,19
2024-10,腹部,01,戴榕全,高级,0,8,8
2024-11,腹部,01,戴榕全,高级,2,4,6
2024-12,腹部,01,戴榕全,高级,2,12,14
2025-01,腹部,01,戴榕全,高级,0,1,1
2025-02,腹部,01,戴榕全,高级,5,10,15
2025-03,腹部,01,戴榕全,高级,1,4,5
2025-04,腹部,01,戴榕全,高级,0,4,4
2025-05,腹部,01,戴榕全,高级,7,22,29
2025-06,腹部,01,戴榕全,高级,0,4,4
2025-07,腹部,01,戴榕全,高级,2,4,6
2025-08,腹部,01,戴榕全,高级,5,10,15
2025-09,腹部,01,戴榕全,高级,5,15,20
2025-11,腹部,01,戴榕全,高级,1,5,6
2025-12,腹部,01,戴榕全,高级,4,8,12
2026-01,腹部,01,戴榕全,高级,0,8,8
2026-02,腹部,01,戴榕全,高级,2,10,12
2026-03,腹部,01,戴榕全,高级,7,16,23
2026-04,腹部,01,戴榕全,高级,0,9,9
2026-05,腹部,01,戴榕全,高级,2,5,7
2026-06,腹部,01,戴榕全,高级,2,6,8
2026-07,腹部,01,戴榕全,高级,5,13,18
2024-01,腹部,02,刘蕾,高级,0,2,2
2024-02,腹部,02,刘蕾,高级,0,10,10
2024-03,腹部,02,刘蕾,高级,0,9,9
2024-04,腹部,02,刘蕾,高级,0,4,4
2024-05,腹部,02,刘蕾,高级,0,4,4
2024-06,腹部,02,刘蕾,高级,0,1,1
2024-07,腹部,02,刘蕾,高级,0,7,7
2024-08,腹部,02,刘蕾,高级,0,2,2
2024-09,腹部,02,刘蕾,高级,0,5,5
2024-10,腹部,02,刘蕾,高级,2,2,4
2024-11,腹部,02,刘蕾,高级,5,12,17
2024-12,腹部,02,刘蕾,高级,2,7,9
2025-01,腹部,02,刘蕾,高级,0,6,6
2025-02,腹部,02,刘蕾,高级,0,14,14
2025-03,腹部,02,刘蕾,高级,1,10,11
2025-04,腹部,02,刘蕾,高级,2,9,11
2025-05,腹部,02,刘蕾,高级,0,1,1
2025-06,腹部,02,刘蕾,高级,0,7,7
2025-07,腹部,02,刘蕾,高级,0,5,5
2025-08,腹部,02,刘蕾,高级,0,10,10
2025-09,腹部,02,刘蕾,高级,1,17,18
2025-10,腹部,02,刘蕾,高级,5,23,28
2025-12,腹部,02,刘蕾,高级,1,13,14
2026-01,腹部,02,刘蕾,高级,0,6,6
2026-02,腹部,02,刘蕾,高级,0,3,3
2026-03,腹部,02,刘蕾,高级,0,1,1
2026-04,腹部,02,刘蕾,高级,0,6,6
2026-06,腹部,02,刘蕾,高级,0,6,6
2026-07,腹部,02,刘蕾,高级,0,5,5
2024-01,腹部,03,张博闻,高级,1,14,15
2024-02,腹部,03,张博闻,高级,0,8,8
2024-03,腹部,03,张博闻,高级,1,21,22
2024-04,腹部,03,张博闻,高级,1,9,10
2024-05,腹部,03,张博闻,高级,2,11,13
2024-06,腹部,03,张博闻,高级,5,16,21
2024-07,腹部,03,张博闻,高级,3,10,13
2024-08,腹部,03,张博闻,高级,0,11,11
2024-09,腹部,03,张博闻,高级,6,10,16
2024-10,腹部,03,张博闻,高级,0,8,8
2024-11,腹部,03,张博闻,高级,0,4,4
2024-12,腹部,03,张博闻,高级,2,13,15
2025-01,腹部,03,张博闻,高级,1,5,6
2025-02,腹部,03,张博闻,高级,0,6,6
2025-03,腹部,03,张博闻,高级,0,8,8
2025-04,腹部,03,张博闻,高级,0,13,13
2025-05,腹部,03,张博闻,高级,0,3,3
2025-06,腹部,03,张博闻,高级,1,14,15
2025-07,腹部,03,张博闻,高级,0,8,8
2025-08,腹部,03,张博闻,高级,1,18,19
2025-09,腹部,03,张博闻,高级,1,6,7
2025-10,腹部,03,张博闻,高级,2,13,15
2025-11,腹部,03,张博闻,高级,0,12,12
2025-12,腹部,03,张博闻,高级,0,11,11
2026-01,腹部,03,张博闻,高级,3,12,15
2026-02,腹部,03,张博闻,高级,3,23,26
2026-03,腹部,03,张博闻,高级,0,5,5
2026-04,腹部,03,张博闻,高级,2,8,10
2026-05,腹部,03,张博闻,高级,1,7,8
2026-06,腹部,03,张博闻,高级,1,5,6
2026-07,腹部,03,张博闻,高级,0,4,4
2024-01,腹部,04,白璐,高级,3,24,27
2024-02,腹部,04,白璐,高级,4,21,25
2024-03,腹部,04,白璐,高级,1,14,15
2024-04,腹部,04,白璐,高级,1,7,8
2024-05,腹部,04,白璐,高级,0,4,4
2024-06,腹部,04,白璐,高级,3,13,16
2024-07,腹部,04,白璐,高级,3,18,21
2024-08,腹部,04,白璐,高级,5,11,16
2024-09,腹部,04,白璐,高级,10,11,21
2024-10,腹部,04,白璐,高级,9,14,23
2024-11,腹部,04,白璐,高级,2,12,14
2024-12,腹部,04,白璐,高级,5,29,34
2025-01,腹部,04,白璐,高级,0,16,16
2025-02,腹部,04,白璐,高级,2,10,12
2025-03,腹部,04,白璐,高级,3,21,24
2025-04,腹部,04,白璐,高级,6,18,24
2025-05,腹部,04,白璐,高级,2,20,22
2025-06,腹部,04,白璐,高级,0,7,7
2025-07,腹部,04,白璐,高级,2,28,30
2025-08,腹部,04,白璐,高级,2,22,24
2025-09,腹部,04,白璐,高级,0,11,11
2025-10,腹部,04,白璐,高级,2,10,12
2025-11,腹部,04,白璐,高级,2,30,32
2025-12,腹部,04,白璐,高级,3,13,16
2026-01,腹部,04,白璐,高级,0,12,12
2026-02,腹部,04,白璐,高级,0,6,6
2026-03,腹部,04,白璐,高级,2,13,15
2026-04,腹部,04,白璐,高级,1,6,7
2026-05,腹部,04,白璐,高级,1,30,31
2026-06,腹部,04,白璐,高级,0,11,11
2026-07,腹部,04,白璐,高级,0,15,15
2024-01,腹部,05,周媛媛,高级,1,7,8
2024-02,腹部,05,周媛媛,高级,1,6,7
2024-03,腹部,05,周媛媛,高级,3,8,11
2024-04,腹部,05,周媛媛,高级,2,10,12
2024-05,腹部,05,周媛媛,高级,1,10,11
2024-06,腹部,05,周媛媛,高级,0,9,9
2024-07,腹部,05,周媛媛,高级,0,8,8
2024-08,腹部,05,周媛媛,高级,1,13,14
2024-09,腹部,05,周媛媛,高级,3,9,12
2024-10,腹部,05,周媛媛,高级,6,18,24
2024-11,腹部,05,周媛媛,高级,3,25,28
2024-12,腹部,05,周媛媛,高级,6,11,17
2025-01,腹部,05,周媛媛,高级,1,5,6
2025-02,腹部,05,周媛媛,高级,1,11,12
2025-03,腹部,05,周媛媛,高级,3,6,9
2025-04,腹部,05,周媛媛,高级,1,11,12
2025-05,腹部,05,周媛媛,高级,0,7,7
2025-06,腹部,05,周媛媛,高级,0,5,5
2025-07,腹部,05,周媛媛,高级,4,7,11
2025-08,腹部,05,周媛媛,高级,1,6,7
2025-09,腹部,05,周媛媛,高级,0,10,10
2025-10,腹部,05,周媛媛,高级,0,14,14
2025-11,腹部,05,周媛媛,高级,3,4,7
2025-12,腹部,05,周媛媛,高级,1,5,6
2026-01,腹部,05,周媛媛,高级,4,17,21
2026-02,腹部,05,周媛媛,高级,0,4,4
2026-03,腹部,05,周媛媛,高级,2,17,19
2026-04,腹部,05,周媛媛,高级,6,13,19
2024-01,腹部,06,曲艺,高级,3,8,11
2024-02,腹部,06,曲艺,高级,3,12,15
2024-03,腹部,06,曲艺,高级,3,7,10
2024-04,腹部,06,曲艺,高级,2,6,8
2024-05,腹部,06,曲艺,高级,5,11,16
2024-06,腹部,06,曲艺,高级,2,7,9
2024-07,腹部,06,曲艺,高级,1,7,8
2024-08,腹部,06,曲艺,高级,2,3,5
2024-09,腹部,06,曲艺,高级,2,7,9
2024-10,腹部,06,曲艺,高级,3,12,15
2024-11,腹部,06,曲艺,高级,12,17,29
2024-12,腹部,06,曲艺,高级,7,14,21
2025-01,腹部,06,曲艺,高级,5,9,14
2025-02,腹部,06,曲艺,高级,1,12,13
2025-03,腹部,06,曲艺,高级,1,5,6
2025-04,腹部,06,曲艺,高级,2,6,8
2025-05,腹部,06,曲艺,高级,3,9,12
2025-06,腹部,06,曲艺,高级,4,15,19
2025-07,腹部,06,曲艺,高级,0,10,10
2025-08,腹部,06,曲艺,高级,7,12,19
2025-09,腹部,06,曲艺,高级,2,16,18
2025-10,腹部,06,曲艺,高级,9,16,25
2025-11,腹部,06,曲艺,高级,5,23,28
2025-12,腹部,06,曲艺,高级,7,12,19
2026-01,腹部,06,曲艺,高级,3,7,10
2026-02,腹部,06,曲艺,高级,1,4,5
2026-03,腹部,06,曲艺,高级,5,26,31
2026-04,腹部,06,曲艺,高级,3,18,21
2026-05,腹部,06,曲艺,高级,5,11,16
2026-06,腹部,06,曲艺,高级,1,13,14
2026-07,腹部,06,曲艺,高级,1,13,14
2024-01,腹部,07,苏畅,高级,6,22,28
2024-02,腹部,07,苏畅,高级,3,3,6
2024-03,腹部,07,苏畅,高级,1,23,24
2024-04,腹部,07,苏畅,高级,0,14,14
2024-05,腹部,07,苏畅,高级,1,10,11
2024-06,腹部,07,苏畅,高级,0,15,15
2024-07,腹部,07,苏畅,高级,1,16,17
2024-08,腹部,07,苏畅,高级,7,20,27
2024-09,腹部,07,苏畅,高级,8,12,20
2024-10,腹部,07,苏畅,高级,32,48,80
2024-11,腹部,07,苏畅,高级,2,20,22
2024-12,腹部,07,苏畅,高级,6,13,19
2025-01,腹部,07,苏畅,高级,6,23,29
2025-02,腹部,07,苏畅,高级,1,7,8
2025-03,腹部,07,苏畅,高级,9,26,35
2025-04,腹部,07,苏畅,高级,3,14,17
2025-05,腹部,07,苏畅,高级,3,23,26
2025-06,腹部,07,苏畅,高级,6,16,22
2025-07,腹部,07,苏畅,高级,5,26,31
2025-08,腹部,07,苏畅,高级,4,16,20
2025-09,腹部,07,苏畅,高级,6,20,26
2025-10,腹部,07,苏畅,高级,4,19,23
2025-11,腹部,07,苏畅,高级,7,29,36
2025-12,腹部,07,苏畅,高级,3,24,27
2026-01,腹部,07,苏畅,高级,3,28,31
2026-02,腹部,07,苏畅,高级,3,10,13
2026-03,腹部,07,苏畅,高级,2,10,12
2026-04,腹部,07,苏畅,高级,10,31,41
2026-05,腹部,07,苏畅,高级,6,16,22
2026-06,腹部,07,苏畅,高级,7,22,29
2026-07,腹部,07,苏畅,高级,0,7,7
2024-01,腹部,08,张志轩,高级,0,1,1
2024-02,腹部,08,张志轩,高级,2,7,9
2024-03,腹部,08,张志轩,高级,1,8,9
2024-04,腹部,08,张志轩,高级,1,18,19
2024-05,腹部,08,张志轩,高级,0,4,4
2024-06,腹部,08,张志轩,高级,0,3,3
2024-07,腹部,08,张志轩,高级,4,8,12
2024-08,腹部,08,张志轩,高级,1,10,11
2024-09,腹部,08,张志轩,高级,3,19,22
2024-10,腹部,08,张志轩,高级,5,7,12
2024-11,腹部,08,张志轩,高级,2,6,8
2024-12,腹部,08,张志轩,高级,1,7,8
2025-01,腹部,08,张志轩,高级,0,14,14
2025-02,腹部,08,张志轩,高级,0,1,1
2025-03,腹部,08,张志轩,高级,1,15,16
2025-04,腹部,08,张志轩,高级,3,8,11
2025-05,腹部,08,张志轩,高级,0,5,5
2025-06,腹部,08,张志轩,高级,1,6,7
2025-08,腹部,08,张志轩,高级,0,4,4
2025-09,腹部,08,张志轩,高级,0,5,5
2025-10,腹部,08,张志轩,高级,0,14,14
2025-11,腹部,08,张志轩,高级,0,2,2
2025-12,腹部,08,张志轩,高级,0,7,7
2026-01,腹部,08,张志轩,高级,1,11,12
2026-02,腹部,08,张志轩,高级,0,6,6
2026-03,腹部,08,张志轩,高级,2,14,16
2026-04,腹部,08,张志轩,高级,0,17,17
2026-05,腹部,08,张志轩,高级,0,9,9
2026-06,腹部,08,张志轩,高级,1,7,8
2026-07,腹部,08,张志轩,高级,1,4,5
2024-01,腹部,09,邝怡,高级,0,2,2
2024-03,腹部,09,邝怡,高级,0,4,4
2024-04,腹部,09,邝怡,高级,1,9,10
2024-05,腹部,09,邝怡,高级,1,1,2
2024-06,腹部,09,邝怡,高级,0,4,4
2024-08,腹部,09,邝怡,高级,1,2,3
2024-09,腹部,09,邝怡,高级,2,7,9
2024-10,腹部,09,邝怡,高级,8,8,16
2024-11,腹部,09,邝怡,高级,0,5,5
2024-12,腹部,09,邝怡,高级,1,1,2
2025-01,腹部,09,邝怡,高级,3,15,18
2025-02,腹部,09,邝怡,高级,1,10,11
2025-03,腹部,09,邝怡,高级,1,9,10
2025-04,腹部,09,邝怡,高级,0,5,5
2025-05,腹部,09,邝怡,高级,3,11,14
2025-06,腹部,09,邝怡,高级,1,12,13
2025-07,腹部,09,邝怡,高级,4,2,6
2025-08,腹部,09,邝怡,高级,1,7,8
2025-09,腹部,09,邝怡,高级,2,6,8
2025-10,腹部,09,邝怡,高级,1,5,6
2025-11,腹部,09,邝怡,高级,4,18,22
2025-12,腹部,09,邝怡,高级,1,13,14
2026-01,腹部,09,邝怡,高级,2,11,13
2026-02,腹部,09,邝怡,高级,0,3,3
2026-03,腹部,09,邝怡,高级,2,7,9
2026-04,腹部,09,邝怡,高级,1,8,9
2026-05,腹部,09,邝怡,高级,0,4,4
2026-06,腹部,09,邝怡,高级,1,3,4
2026-07,腹部,09,邝怡,高级,2,10,12
2024-01,腹部,10,吴璇,高级,1,0,1
2024-03,腹部,10,吴璇,高级,5,4,9
2024-04,腹部,10,吴璇,高级,0,5,5
2024-05,腹部,10,吴璇,高级,1,1,2
2024-06,腹部,10,吴璇,高级,4,10,14
2024-07,腹部,10,吴璇,高级,1,4,5
2024-08,腹部,10,吴璇,高级,0,12,12
2024-09,腹部,10,吴璇,高级,9,9,18
2024-10,腹部,10,吴璇,高级,4,9,13
2024-11,腹部,10,吴璇,高级,1,13,14
2024-12,腹部,10,吴璇,高级,6,16,22
2025-01,腹部,10,吴璇,高级,2,8,10
2025-02,腹部,10,吴璇,高级,0,23,23
2025-03,腹部,10,吴璇,高级,3,8,11
2025-04,腹部,10,吴璇,高级,3,9,12
2025-05,腹部,10,吴璇,高级,1,3,4
2025-06,腹部,10,吴璇,高级,1,12,13
2025-07,腹部,10,吴璇,高级,4,15,19
2025-08,腹部,10,吴璇,高级,2,14,16
2025-09,腹部,10,吴璇,高级,0,5,5
2025-10,腹部,10,吴璇,高级,0,6,6
2025-11,腹部,10,吴璇,高级,5,14,19
2025-12,腹部,10,吴璇,高级,2,15,17
2026-01,腹部,10,吴璇,高级,1,6,7
2026-02,腹部,10,吴璇,高级,7,13,20
2026-03,腹部,10,吴璇,高级,6,16,22
2026-04,腹部,10,吴璇,高级,4,12,16
2026-05,腹部,10,吴璇,高级,3,9,12
2026-06,腹部,10,吴璇,高级,2,9,11
2026-07,腹部,10,吴璇,高级,2,5,7
2024-01,腹部,11,张秋梅,中级,14,1,15
2024-02,腹部,11,张秋梅,中级,9,0,9
2024-03,腹部,11,张秋梅,中级,8,0,8
2024-04,腹部,11,张秋梅,中级,9,3,12
2024-05,腹部,11,张秋梅,中级,9,2,11
2024-06,腹部,11,张秋梅,中级,9,0,9
2024-07,腹部,11,张秋梅,中级,4,0,4
2024-08,腹部,11,张秋梅,中级,8,1,9
2024-09,腹部,11,张秋梅,中级,6,0,6
2024-10,腹部,11,张秋梅,中级,3,0,3
2024-11,腹部,11,张秋梅,中级,19,3,22
2025-01,腹部,11,张秋梅,中级,4,0,4
2025-02,腹部,11,张秋梅,中级,7,2,9
2025-03,腹部,11,张秋梅,中级,17,1,18
2025-04,腹部,11,张秋梅,中级,1,0,1
2025-05,腹部,11,张秋梅,中级,3,1,4
2025-06,腹部,11,张秋梅,中级,5,2,7
2025-07,腹部,11,张秋梅,中级,1,0,1
2025-12,腹部,11,张秋梅,中级,13,2,15
2026-01,腹部,11,张秋梅,中级,11,0,11
2026-02,腹部,11,张秋梅,中级,14,3,17
2026-03,腹部,11,张秋梅,中级,21,4,25
2026-04,腹部,11,张秋梅,中级,12,5,17
2024-01,腹部,12,刘慜思,中级,23,0,23
2024-02,腹部,12,刘慜思,中级,12,0,12
2024-03,腹部,12,刘慜思,中级,11,2,13
2024-04,腹部,12,刘慜思,中级,5,0,5
2024-05,腹部,12,刘慜思,中级,7,1,8
2024-06,腹部,12,刘慜思,中级,6,0,6
2024-08,腹部,12,刘慜思,中级,12,1,13
2024-09,腹部,12,刘慜思,中级,3,1,4
2024-10,腹部,12,刘慜思,中级,1,0,1
2024-11,腹部,12,刘慜思,中级,7,3,10
2024-12,腹部,12,刘慜思,中级,3,0,3
2025-01,腹部,12,刘慜思,中级,5,0,5
2025-03,腹部,12,刘慜思,中级,8,4,12
2025-04,腹部,12,刘慜思,中级,1,0,1
2025-05,腹部,12,刘慜思,中级,2,0,2
2025-07,腹部,12,刘慜思,中级,1,0,1
2025-12,腹部,12,刘慜思,中级,2,0,2
2026-01,腹部,12,刘慜思,中级,16,5,21
2026-02,腹部,12,刘慜思,中级,6,1,7
2026-03,腹部,12,刘慜思,中级,21,2,23
2026-04,腹部,12,刘慜思,中级,16,0,16
2024-01,腹部,13,康博,其它,6,1,7
2024-02,腹部,13,康博,其它,7,0,7
2024-03,腹部,13,康博,其它,5,0,5
2024-04,腹部,13,康博,其它,10,0,10
2024-06,腹部,13,康博,其它,2,0,2
2024-07,腹部,13,康博,其它,5,0,5
2024-08,腹部,13,康博,其它,7,0,7
2024-09,腹部,13,康博,其它,4,0,4
2024-10,腹部,13,康博,其它,4,0,4
2024-11,腹部,13,康博,其它,4,0,4
2024-12,腹部,13,康博,其它,4,2,6
2025-01,腹部,13,康博,其它,9,1,10
2025-02,腹部,13,康博,其它,1,0,1
2025-04,腹部,13,康博,其它,6,0,6
2025-05,腹部,13,康博,其它,5,1,6
2025-06,腹部,13,康博,其它,2,1,3
2025-07,腹部,13,康博,其它,16,3,19
2025-08,腹部,13,康博,其它,4,0,4
2025-09,腹部,13,康博,其它,2,0,2
2025-10,腹部,13,康博,其它,2,0,2
2026-02,腹部,13,康博,其它,9,2,11
2026-04,腹部,13,康博,其它,4,0,4
2026-05,腹部,13,康博,其它,5,1,6
2026-06,腹部,13,康博,其它,2,0,2
2024-01,腹部,14,简乐诗,中级,12,0,12
2024-02,腹部,14,简乐诗,中级,2,0,2
2024-03,腹部,14,简乐诗,中级,30,1,31
2024-04,腹部,14,简乐诗,中级,14,2,16
2024-05,腹部,14,简乐诗,中级,2,0,2
2024-06,腹部,14,简乐诗,中级,10,2,12
2024-07,腹部,14,简乐诗,中级,8,1,9
2024-08,腹部,14,简乐诗,中级,10,0,10
2024-09,腹部,14,简乐诗,中级,12,3,15
2024-10,腹部,14,简乐诗,中级,16,2,18
2024-11,腹部,14,简乐诗,中级,7,1,8
2024-12,腹部,14,简乐诗,中级,6,0,6
2025-03,腹部,14,简乐诗,中级,8,0,8
2025-05,腹部,14,简乐诗,中级,3,0,3
2025-07,腹部,14,简乐诗,中级,1,0,1
2025-08,腹部,14,简乐诗,中级,6,2,8
2025-12,腹部,14,简乐诗,中级,6,6,12
2026-01,腹部,14,简乐诗,中级,23,22,45
2026-02,腹部,14,简乐诗,中级,9,8,17
2026-03,腹部,14,简乐诗,中级,18,20,38
2026-04,腹部,14,简乐诗,中级,11,12,23
2026-05,腹部,14,简乐诗,中级,1,2,3
2026-06,腹部,14,简乐诗,中级,2,6,8
2026-07,腹部,14,简乐诗,中级,0,2,2
2024-01,腹部,15,陈可欣,中级,22,0,22
2024-02,腹部,15,陈可欣,中级,8,0,8
2024-03,腹部,15,陈可欣,中级,12,1,13
2024-04,腹部,15,陈可欣,中级,27,0,27
2024-05,腹部,15,陈可欣,中级,3,1,4
2024-06,腹部,15,陈可欣,中级,4,1,5
2024-07,腹部,15,陈可欣,中级,3,0,3
2024-08,腹部,15,陈可欣,中级,8,1,9
2024-09,腹部,15,陈可欣,中级,4,2,6
2024-10,腹部,15,陈可欣,中级,14,5,19
2024-11,腹部,15,陈可欣,中级,2,0,2
2024-12,腹部,15,陈可欣,中级,12,3,15
2025-02,腹部,15,陈可欣,中级,9,3,12
2025-03,腹部,15,陈可欣,中级,6,0,6
2025-08,腹部,15,陈可欣,中级,2,0,2
2025-09,腹部,15,陈可欣,中级,1,0,1
2025-10,腹部,15,陈可欣,中级,4,2,6
2025-11,腹部,15,陈可欣,中级,1,0,1
2025-12,腹部,15,陈可欣,中级,2,2,4
2026-01,腹部,15,陈可欣,中级,25,24,49
2026-02,腹部,15,陈可欣,中级,3,3,6
2026-03,腹部,15,陈可欣,中级,8,25,33
2026-04,腹部,15,陈可欣,中级,3,7,10
2026-05,腹部,15,陈可欣,中级,1,13,14
2026-06,腹部,15,陈可欣,中级,0,11,11
2026-07,腹部,15,陈可欣,中级,2,17,19
2024-02,腹部,16,曲莹莹,中级,16,1,17
2024-03,腹部,16,曲莹莹,中级,2,0,2
2024-04,腹部,16,曲莹莹,中级,9,0,9
2024-05,腹部,16,曲莹莹,中级,6,0,6
2024-06,腹部,16,曲莹莹,中级,7,0,7
2024-07,腹部,16,曲莹莹,中级,11,0,11
2024-08,腹部,16,曲莹莹,中级,4,0,4
2024-09,腹部,16,曲莹莹,中级,10,0,10
2024-10,腹部,16,曲莹莹,中级,14,4,18
2024-11,腹部,16,曲莹莹,中级,7,1,8
2025-01,腹部,16,曲莹莹,中级,4,0,4
2025-02,腹部,16,曲莹莹,中级,14,3,17
2025-03,腹部,16,曲莹莹,中级,15,3,18
2025-04,腹部,16,曲莹莹,中级,1,0,1
2025-05,腹部,16,曲莹莹,中级,1,0,1
2025-07,腹部,16,曲莹莹,中级,2,1,3
2025-08,腹部,16,曲莹莹,中级,1,0,1
2025-09,腹部,16,曲莹莹,中级,1,0,1
2025-12,腹部,16,曲莹莹,中级,3,0,3
2026-01,腹部,16,曲莹莹,中级,27,0,27
2026-02,腹部,16,曲莹莹,中级,10,3,13
2026-03,腹部,16,曲莹莹,中级,15,2,17
2026-04,腹部,16,曲莹莹,中级,6,0,6
2026-06,腹部,16,曲莹莹,中级,1,0,1
2024-01,腹部,17,陶琼瑶,中级,1,0,1
2024-04,腹部,17,陶琼瑶,中级,18,0,18
2024-05,腹部,17,陶琼瑶,中级,12,2,14
2024-06,腹部,17,陶琼瑶,中级,12,3,15
2024-07,腹部,17,陶琼瑶,中级,16,1,17
2024-08,腹部,17,陶琼瑶,中级,10,2,12
2024-09,腹部,17,陶琼瑶,中级,3,0,3
2024-10,腹部,17,陶琼瑶,中级,20,6,26
2024-11,腹部,17,陶琼瑶,中级,16,5,21
2024-12,腹部,17,陶琼瑶,中级,16,3,19
2025-01,腹部,17,陶琼瑶,中级,22,3,25
2025-02,腹部,17,陶琼瑶,中级,25,3,28
2025-03,腹部,17,陶琼瑶,中级,13,3,16
2025-05,腹部,17,陶琼瑶,中级,5,1,6
2025-06,腹部,17,陶琼瑶,中级,6,2,8
2025-07,腹部,17,陶琼瑶,中级,1,0,1
2025-08,腹部,17,陶琼瑶,中级,3,1,4
2025-09,腹部,17,陶琼瑶,中级,5,1,6
2025-12,腹部,17,陶琼瑶,中级,8,0,8
2026-01,腹部,17,陶琼瑶,中级,15,1,16
2026-02,腹部,17,陶琼瑶,中级,1,0,1
2026-03,腹部,17,陶琼瑶,中级,12,2,14
2026-04,腹部,17,陶琼瑶,中级,4,1,5
2026-05,腹部,17,陶琼瑶,中级,1,0,1
2024-12,腹部,18,马萌,初级,42,4,46
2025-01,腹部,18,马萌,初级,24,3,27
2025-02,腹部,18,马萌,初级,23,4,27
2025-03,腹部,18,马萌,初级,21,5,26
2025-04,腹部,18,马萌,初级,37,11,48
2025-05,腹部,18,马萌,初级,20,6,26
2025-06,腹部,18,马萌,初级,27,2,29
2025-07,腹部,18,马萌,初级,32,4,36
2025-08,腹部,18,马萌,初级,14,5,19
2025-09,腹部,18,马萌,初级,19,4,23
2025-10,腹部,18,马萌,初级,19,2,21
2025-11,腹部,18,马萌,初级,7,1,8
2026-01,腹部,18,马萌,初级,7,1,8
2026-02,腹部,18,马萌,初级,6,1,7
2026-03,腹部,18,马萌,初级,15,2,17
2026-04,腹部,18,马萌,初级,5,0,5
2026-05,腹部,18,马萌,初级,1,0,1
2026-07,腹部,18,马萌,初级,0,1,1
2024-04,腹部,20,李铭婕,中级,5,0,5
2024-05,腹部,20,李铭婕,中级,14,1,15
2024-06,腹部,20,李铭婕,中级,30,6,36
2024-07,腹部,20,李铭婕,中级,28,5,33
2024-08,腹部,20,李铭婕,中级,27,8,35
2024-09,腹部,20,李铭婕,中级,7,2,9
2024-10,腹部,20,李铭婕,中级,14,1,15
2024-11,腹部,20,李铭婕,中级,7,2,9
2024-12,腹部,20,李铭婕,中级,10,2,12
2025-01,腹部,20,李铭婕,中级,6,1,7
2025-02,腹部,20,李铭婕,中级,9,3,12
2025-03,腹部,20,李铭婕,中级,9,0,9
2025-04,腹部,20,李铭婕,中级,1,0,1
2025-05,腹部,20,李铭婕,中级,5,2,7
2025-06,腹部,20,李铭婕,中级,2,0,2
2025-08,腹部,20,李铭婕,中级,0,1,1
2025-10,腹部,20,李铭婕,中级,3,1,4
2025-11,腹部,20,李铭婕,中级,1,1,2
2025-12,腹部,20,李铭婕,中级,6,1,7
2026-01,腹部,20,李铭婕,中级,26,7,33
2026-03,腹部,20,李铭婕,中级,14,1,15
2026-04,腹部,20,李铭婕,中级,14,1,15
2026-05,腹部,20,李铭婕,中级,1,1,2
2026-06,腹部,20,李铭婕,中级,1,1,2
2025-01,腹部,21,王兆雪,初级,5,1,6
2025-02,腹部,21,王兆雪,初级,2,0,2
2025-03,腹部,21,王兆雪,初级,4,2,6
2025-04,腹部,21,王兆雪,初级,8,1,9
2025-05,腹部,21,王兆雪,初级,17,5,22
2025-06,腹部,21,王兆雪,初级,10,1,11
2025-08,腹部,21,王兆雪,初级,45,5,50
2025-09,腹部,21,王兆雪,初级,7,0,7
2025-10,腹部,21,王兆雪,初级,23,0,23
2025-11,腹部,21,王兆雪,初级,9,1,10
2025-12,腹部,21,王兆雪,初级,5,1,6
2026-01,腹部,21,王兆雪,初级,1,0,1
2026-02,腹部,21,王兆雪,初级,4,0,4
2026-03,腹部,21,王兆雪,初级,16,2,18
2026-04,腹部,21,王兆雪,初级,10,0,10
2025-01,腹部,22,冯军利,初级,12,2,14
2025-02,腹部,22,冯军利,初级,20,1,21
2025-03,腹部,22,冯军利,初级,7,1,8
2025-04,腹部,22,冯军利,初级,16,1,17
2025-05,腹部,22,冯军利,初级,24,1,25
2025-06,腹部,22,冯军利,初级,10,1,11
2025-07,腹部,22,冯军利,初级,11,1,12
2025-08,腹部,22,冯军利,初级,12,2,14
2025-09,腹部,22,冯军利,初级,17,2,19
2025-10,腹部,22,冯军利,初级,8,1,9
2025-11,腹部,22,冯军利,初级,12,0,12
2025-12,腹部,22,冯军利,初级,1,0,1
2026-03,腹部,22,冯军利,初级,3,1,4
2026-04,腹部,22,冯军利,初级,7,1,8
2025-09,腹部,23,张若邈,初级,19,3,22
2025-10,腹部,23,张若邈,初级,17,4,21
2025-11,腹部,23,张若邈,初级,17,2,19
2025-12,腹部,23,张若邈,初级,29,5,34
2026-02,腹部,23,张若邈,初级,9,1,10
2026-04,腹部,23,张若邈,初级,7,1,8
2026-05,腹部,23,张若邈,初级,1,0,1
2024-12,腹部,24,江蓝,初级,7,2,9
2025-02,腹部,24,江蓝,初级,4,1,5
2025-03,腹部,24,江蓝,初级,5,2,7
2025-04,腹部,24,江蓝,初级,22,2,24
2025-05,腹部,24,江蓝,初级,14,2,16
2025-06,腹部,24,江蓝,初级,5,2,7
2025-07,腹部,24,江蓝,初级,7,1,8
2025-08,腹部,24,江蓝,初级,13,1,14
2025-09,腹部,24,江蓝,初级,9,0,9
2025-10,腹部,24,江蓝,初级,17,4,21
2025-11,腹部,24,江蓝,初级,4,0,4
2025-12,腹部,24,江蓝,初级,14,2,16
2026-01,腹部,24,江蓝,初级,1,1,2
2026-03,腹部,24,江蓝,初级,2,0,2
2026-04,腹部,24,江蓝,初级,13,1,14
2025-07,腹部,25,刘坤,初级,7,0,7
2025-08,腹部,25,刘坤,初级,19,0,19
2025-09,腹部,25,刘坤,初级,12,1,13
2025-10,腹部,25,刘坤,初级,20,2,22
2025-11,腹部,25,刘坤,初级,49,6,55
2025-12,腹部,25,刘坤,初级,26,0,26
2026-01,腹部,25,刘坤,初级,8,0,8
2026-02,腹部,25,刘坤,初级,15,0,15
2026-03,腹部,25,刘坤,初级,11,2,13
2026-05,腹部,25,刘坤,初级,2,0,2
2026-06,腹部,25,刘坤,初级,4,0,4
2026-07,腹部,25,刘坤,初级,8,0,8
2026-04,腹部,26,袁芳,预备,10,2,12
2026-05,腹部,26,袁芳,预备,1,0,1
2026-06,腹部,26,袁芳,预备,16,5,21
2026-07,腹部,26,袁芳,预备,3,0,3
2026-04,腹部,27,戴睿,预备,11,2,13
2026-05,腹部,27,戴睿,预备,8,0,8
2026-06,腹部,27,戴睿,预备,3,1,4
2026-07,腹部,27,戴睿,预备,75,15,90
2026-05,腹部,28,于丛爽,预备,25,2,27
2026-06,腹部,28,于丛爽,预备,19,5,24
2026-07,腹部,28,于丛爽,预备,6,3,9
2026-05,腹部,29,冯芷珊,预备,13,2,15
2026-06,腹部,29,冯芷珊,预备,13,0,13
2026-07,腹部,29,冯芷珊,预备,9,2,11
2026-05,腹部,30,付诗懿,预备,6,1,7
2026-06,腹部,30,付诗懿,预备,20,1,21
2026-07,腹部,30,付诗懿,预备,2,0,2
2026-05,腹部,31,刘亦婷,预备,11,1,12
2026-06,腹部,31,刘亦婷,预备,5,0,5
2024-01,腹部,,傅梦竹,未登记,0,8,8
2024-02,腹部,,傅梦竹,未登记,1,15,16
2024-03,腹部,,傅梦竹,未登记,5,6,11
2024-04,腹部,,傅梦竹,未登记,0,1,1
2024-05,腹部,,傅梦竹,未登记,6,8,14
2024-07,腹部,,傅梦竹,未登记,2,4,6
2024-08,腹部,,傅梦竹,未登记,0,2,2
2024-09,腹部,,傅梦竹,未登记,1,2,3
2024-10,腹部,,傅梦竹,未登记,6,11,17
2024-11,腹部,,傅梦竹,未登记,1,3,4
2024-01,腹部,,张静,未登记,8,0,8
2024-02,腹部,,张静,未登记,11,0,11
2024-03,腹部,,张静,未登记,12,0,12
2026-03,腹部,,彭涛,未登记,6,0,6
2026-06,腹部,,彭涛,未登记,4,0,4
2024-01,腹部,,郭瑞泽,未登记,8,0,8
2024-02,腹部,,郭瑞泽,未登记,17,0,17
2024-03,腹部,,郭瑞泽,未登记,10,0,10
2024-04,腹部,,郭瑞泽,未登记,7,0,7
2026-05,腹部,,马龙,未登记,20,1,21
2026-06,腹部,,马龙,未登记,8,1,9
2024-01,颈部,01,戴榕全,高级,1,16,17
2024-02,颈部,01,戴榕全,高级,0,5,5
2024-03,颈部,01,戴榕全,高级,0,2,2
2024-04,颈部,01,戴榕全,高级,1,15,16
2024-05,颈部,01,戴榕全,高级,7,9,16
2024-07,颈部,01,戴榕全,高级,2,6,8
2024-08,颈部,01,戴榕全,高级,3,6,9
2024-09,颈部,01,戴榕全,高级,3,5,8
2024-10,颈部,01,戴榕全,高级,0,1,1
2024-12,颈部,01,戴榕全,高级,3,8,11
2025-02,颈部,01,戴榕全,高级,0,2,2
2025-03,颈部,01,戴榕全,高级,0,2,2
2025-05,颈部,01,戴榕全,高级,4,15,19
2025-06,颈部,01,戴榕全,高级,1,3,4
2025-07,颈部,01,戴榕全,高级,0,2,2
2025-08,颈部,01,戴榕全,高级,3,7,10
2025-09,颈部,01,戴榕全,高级,3,6,9
2025-10,颈部,01,戴榕全,高级,1,3,4
2025-11,颈部,01,戴榕全,高级,0,4,4
2025-12,颈部,01,戴榕全,高级,0,1,1
2026-01,颈部,01,戴榕全,高级,0,3,3
2026-02,颈部,01,戴榕全,高级,1,2,3
2026-03,颈部,01,戴榕全,高级,2,6,8
2026-04,颈部,01,戴榕全,高级,0,1,1
2026-05,颈部,01,戴榕全,高级,0,2,2
2026-06,颈部,01,戴榕全,高级,0,2,2
2026-07,颈部,01,戴榕全,高级,0,7,7
2024-02,颈部,02,刘蕾,高级,0,6,6
2024-03,颈部,02,刘蕾,高级,0,1,1
2024-04,颈部,02,刘蕾,高级,0,1,1
2024-05,颈部,02,刘蕾,高级,0,3,3
2024-07,颈部,02,刘蕾,高级,0,6,6
2024-08,颈部,02,刘蕾,高级,0,2,2
2024-09,颈部,02,刘蕾,高级,0,1,1
2024-11,颈部,02,刘蕾,高级,2,7,9
2024-12,颈部,02,刘蕾,高级,1,5,6
2025-02,颈部,02,刘蕾,高级,1,7,8
2025-03,颈部,02,刘蕾,高级,0,1,1
2025-04,颈部,02,刘蕾,高级,1,10,11
2025-06,颈部,02,刘蕾,高级,1,5,6
2025-07,颈部,02,刘蕾,高级,0,2,2
2025-08,颈部,02,刘蕾,高级,0,5,5
2025-09,颈部,02,刘蕾,高级,0,9,9
2025-10,颈部,02,刘蕾,高级,0,15,15
2025-12,颈部,02,刘蕾,高级,0,7,7
2026-01,颈部,02,刘蕾,高级,0,4,4
2026-03,颈部,02,刘蕾,高级,0,2,2
2026-04,颈部,02,刘蕾,高级,1,6,7
2026-06,颈部,02,刘蕾,高级,0,5,5
2026-07,颈部,02,刘蕾,高级,0,2,2
2024-01,颈部,03,张博闻,高级,0,6,6
2024-02,颈部,03,张博闻,高级,0,1,1
2024-03,颈部,03,张博闻,高级,0,4,4
2024-04,颈部,03,张博闻,高级,3,6,9
2024-05,颈部,03,张博闻,高级,1,5,6
2024-06,颈部,03,张博闻,高级,0,3,3
2024-07,颈部,03,张博闻,高级,0,2,2
2024-08,颈部,03,张博闻,高级,0,8,8
2024-09,颈部,03,张博闻,高级,2,5,7
2024-10,颈部,03,张博闻,高级,0,11,11
2024-11,颈部,03,张博闻,高级,0,2,2
2024-12,颈部,03,张博闻,高级,1,4,5
2025-01,颈部,03,张博闻,高级,0,2,2
2025-02,颈部,03,张博闻,高级,0,1,1
2025-03,颈部,03,张博闻,高级,0,6,6
2025-04,颈部,03,张博闻,高级,2,7,9
2025-05,颈部,03,张博闻,高级,0,3,3
2025-06,颈部,03,张博闻,高级,0,8,8
2025-07,颈部,03,张博闻,高级,0,8,8
2025-08,颈部,03,张博闻,高级,0,11,11
2025-09,颈部,03,张博闻,高级,0,10,10
2025-10,颈部,03,张博闻,高级,1,18,19
2025-11,颈部,03,张博闻,高级,0,8,8
2025-12,颈部,03,张博闻,高级,0,5,5
2026-01,颈部,03,张博闻,高级,1,11,12
2026-02,颈部,03,张博闻,高级,0,10,10
2026-03,颈部,03,张博闻,高级,0,1,1
2026-04,颈部,03,张博闻,高级,3,8,11
2026-05,颈部,03,张博闻,高级,0,2,2
2026-06,颈部,03,张博闻,高级,1,4,5
2026-07,颈部,03,张博闻,高级,0,3,3
2024-01,颈部,04,白璐,高级,1,11,12
2024-02,颈部,04,白璐,高级,0,11,11
2024-03,颈部,04,白璐,高级,2,9,11
2024-04,颈部,04,白璐,高级,0,4,4
2024-05,颈部,04,白璐,高级,0,5,5
2024-06,颈部,04,白璐,高级,4,14,18
2024-07,颈部,04,白璐,高级,2,12,14
2024-08,颈部,04,白璐,高级,2,5,7
2024-09,颈部,04,白璐,高级,14,13,27
2024-10,颈部,04,白璐,高级,4,7,11
2024-11,颈部,04,白璐,高级,0,7,7
2024-12,颈部,04,白璐,高级,2,8,10
2025-01,颈部,04,白璐,高级,0,4,4
2025-02,颈部,04,白璐,高级,0,7,7
2025-03,颈部,04,白璐,高级,1,9,10
2025-04,颈部,04,白璐,高级,0,7,7
2025-05,颈部,04,白璐,高级,2,11,13
2025-06,颈部,04,白璐,高级,0,3,3
2025-07,颈部,04,白璐,高级,7,24,31
2025-08,颈部,04,白璐,高级,1,12,13
2025-09,颈部,04,白璐,高级,0,16,16
2025-10,颈部,04,白璐,高级,1,1,2
2025-11,颈部,04,白璐,高级,1,18,19
2025-12,颈部,04,白璐,高级,1,8,9
2026-01,颈部,04,白璐,高级,0,5,5
2026-02,颈部,04,白璐,高级,0,4,4
2026-03,颈部,04,白璐,高级,1,9,10
2026-04,颈部,04,白璐,高级,0,7,7
2026-05,颈部,04,白璐,高级,0,14,14
2026-06,颈部,04,白璐,高级,1,11,12
2026-07,颈部,04,白璐,高级,0,8,8
2024-01,颈部,05,周媛媛,高级,0,4,4
2024-02,颈部,05,周媛媛,高级,0,3,3
2024-03,颈部,05,周媛媛,高级,2,7,9
2024-04,颈部,05,周媛媛,高级,1,11,12
2024-05,颈部,05,周媛媛,高级,0,12,12
2024-06,颈部,05,周媛媛,高级,1,15,16
2024-07,颈部,05,周媛媛,高级,0,6,6
2024-08,颈部,05,周媛媛,高级,0,10,10
2024-09,颈部,05,周媛媛,高级,0,5,5
2024-10,颈部,05,周媛媛,高级,1,7,8
2024-11,颈部,05,周媛媛,高级,0,9,9
2024-12,颈部,05,周媛媛,高级,0,1,1
2025-01,颈部,05,周媛媛,高级,0,3,3
2025-02,颈部,05,周媛媛,高级,0,3,3
2025-03,颈部,05,周媛媛,高级,0,6,6
2025-04,颈部,05,周媛媛,高级,2,9,11
2025-05,颈部,05,周媛媛,高级,0,3,3
2025-06,颈部,05,周媛媛,高级,0,8,8
2025-07,颈部,05,周媛媛,高级,0,4,4
2025-08,颈部,05,周媛媛,高级,0,2,2
2025-09,颈部,05,周媛媛,高级,0,10,10
2025-10,颈部,05,周媛媛,高级,1,11,12
2025-11,颈部,05,周媛媛,高级,1,3,4
2025-12,颈部,05,周媛媛,高级,1,9,10
2026-01,颈部,05,周媛媛,高级,2,8,10
2026-02,颈部,05,周媛媛,高级,1,5,6
2026-03,颈部,05,周媛媛,高级,0,3,3
2026-04,颈部,05,周媛媛,高级,2,9,11
2024-01,颈部,06,曲艺,高级,1,5,6
2024-02,颈部,06,曲艺,高级,3,7,10
2024-03,颈部,06,曲艺,高级,1,6,7
2024-04,颈部,06,曲艺,高级,1,5,6
2024-05,颈部,06,曲艺,高级,0,1,1
2024-07,颈部,06,曲艺,高级,1,3,4
2024-08,颈部,06,曲艺,高级,2,6,8
2024-09,颈部,06,曲艺,高级,1,1,2
2024-10,颈部,06,曲艺,高级,2,9,11
2024-11,颈部,06,曲艺,高级,1,4,5
2024-12,颈部,06,曲艺,高级,0,6,6
2025-01,颈部,06,曲艺,高级,1,3,4
2025-02,颈部,06,曲艺,高级,0,5,5
2025-03,颈部,06,曲艺,高级,0,4,4
2025-04,颈部,06,曲艺,高级,0,3,3
2025-05,颈部,06,曲艺,高级,2,8,10
2025-06,颈部,06,曲艺,高级,1,6,7
2025-07,颈部,06,曲艺,高级,1,5,6
2025-08,颈部,06,曲艺,高级,1,3,4
2025-09,颈部,06,曲艺,高级,2,6,8
2025-10,颈部,06,曲艺,高级,3,9,12
2025-11,颈部,06,曲艺,高级,3,12,15
2025-12,颈部,06,曲艺,高级,1,1,2
2026-01,颈部,06,曲艺,高级,0,4,4
2026-03,颈部,06,曲艺,高级,3,19,22
2026-04,颈部,06,曲艺,高级,2,14,16
2026-05,颈部,06,曲艺,高级,3,7,10
2026-06,颈部,06,曲艺,高级,0,7,7
2026-07,颈部,06,曲艺,高级,1,8,9
2024-01,颈部,07,苏畅,高级,4,13,17
2024-02,颈部,07,苏畅,高级,1,2,3
2024-03,颈部,07,苏畅,高级,1,15,16
2024-04,颈部,07,苏畅,高级,5,9,14
2024-05,颈部,07,苏畅,高级,1,10,11
2024-06,颈部,07,苏畅,高级,0,10,10
2024-07,颈部,07,苏畅,高级,0,5,5
2024-08,颈部,07,苏畅,高级,2,13,15
2024-09,颈部,07,苏畅,高级,2,2,4
2024-10,颈部,07,苏畅,高级,8,16,24
2024-11,颈部,07,苏畅,高级,2,5,7
2024-12,颈部,07,苏畅,高级,1,8,9
2025-01,颈部,07,苏畅,高级,1,10,11
2025-02,颈部,07,苏畅,高级,3,16,19
2025-03,颈部,07,苏畅,高级,3,4,7
2025-04,颈部,07,苏畅,高级,2,11,13
2025-05,颈部,07,苏畅,高级,2,12,14
2025-06,颈部,07,苏畅,高级,1,9,10
2025-07,颈部,07,苏畅,高级,0,11,11
2025-08,颈部,07,苏畅,高级,3,13,16
2025-09,颈部,07,苏畅,高级,2,12,14
2025-10,颈部,07,苏畅,高级,2,14,16
2025-11,颈部,07,苏畅,高级,2,18,20
2025-12,颈部,07,苏畅,高级,3,14,17
2026-01,颈部,07,苏畅,高级,1,9,10
2026-02,颈部,07,苏畅,高级,0,2,2
2026-03,颈部,07,苏畅,高级,3,9,12
2026-04,颈部,07,苏畅,高级,3,9,12
2026-05,颈部,07,苏畅,高级,3,12,15
2026-06,颈部,07,苏畅,高级,0,3,3
2026-07,颈部,07,苏畅,高级,0,2,2
2024-01,颈部,08,张志轩,高级,0,1,1
2024-02,颈部,08,张志轩,高级,0,1,1
2024-03,颈部,08,张志轩,高级,1,3,4
2024-04,颈部,08,张志轩,高级,0,7,7
2024-05,颈部,08,张志轩,高级,1,13,14
2024-06,颈部,08,张志轩,高级,0,1,1
2024-07,颈部,08,张志轩,高级,0,6,6
2024-08,颈部,08,张志轩,高级,0,4,4
2024-09,颈部,08,张志轩,高级,0,8,8
2024-10,颈部,08,张志轩,高级,3,6,9
2024-11,颈部,08,张志轩,高级,0,3,3
2024-12,颈部,08,张志轩,高级,0,1,1
2025-01,颈部,08,张志轩,高级,1,8,9
2025-03,颈部,08,张志轩,高级,1,2,3
2025-04,颈部,08,张志轩,高级,1,9,10
2025-05,颈部,08,张志轩,高级,0,4,4
2025-06,颈部,08,张志轩,高级,0,5,5
2025-08,颈部,08,张志轩,高级,0,5,5
2025-10,颈部,08,张志轩,高级,0,5,5
2025-11,颈部,08,张志轩,高级,0,2,2
2025-12,颈部,08,张志轩,高级,0,1,1
2026-01,颈部,08,张志轩,高级,0,6,6
2026-02,颈部,08,张志轩,高级,1,4,5
2026-03,颈部,08,张志轩,高级,0,2,2
2026-04,颈部,08,张志轩,高级,0,4,4
2026-05,颈部,08,张志轩,高级,0,1,1
2026-06,颈部,08,张志轩,高级,0,3,3
2026-07,颈部,08,张志轩,高级,0,2,2
2024-03,颈部,09,邝怡,高级,0,1,1
2024-04,颈部,09,邝怡,高级,2,5,7
2024-05,颈部,09,邝怡,高级,0,1,1
2024-06,颈部,09,邝怡,高级,0,1,1
2024-07,颈部,09,邝怡,高级,1,1,2
2024-08,颈部,09,邝怡,高级,1,3,4
2024-09,颈部,09,邝怡,高级,0,2,2
2024-10,颈部,09,邝怡,高级,1,1,2
2024-11,颈部,09,邝怡,高级,1,3,4
2024-12,颈部,09,邝怡,高级,2,3,5
2025-01,颈部,09,邝怡,高级,1,1,2
2025-02,颈部,09,邝怡,高级,1,3,4
2025-03,颈部,09,邝怡,高级,0,2,2
2025-04,颈部,09,邝怡,高级,0,2,2
2025-05,颈部,09,邝怡,高级,1,8,9
2025-06,颈部,09,邝怡,高级,0,5,5
2025-07,颈部,09,邝怡,高级,3,1,4
2025-08,颈部,09,邝怡,高级,0,3,3
2025-09,颈部,09,邝怡,高级,0,1,1
2025-10,颈部,09,邝怡,高级,0,3,3
2025-11,颈部,09,邝怡,高级,0,10,10
2025-12,颈部,09,邝怡,高级,0,4,4
2026-01,颈部,09,邝怡,高级,2,4,6
2026-02,颈部,09,邝怡,高级,0,3,3
2026-03,颈部,09,邝怡,高级,0,5,5
2026-04,颈部,09,邝怡,高级,0,4,4
2026-05,颈部,09,邝怡,高级,0,3,3
2026-06,颈部,09,邝怡,高级,1,1,2
2026-07,颈部,09,邝怡,高级,2,7,9
2024-01,颈部,10,吴璇,高级,2,0,2
2024-03,颈部,10,吴璇,高级,1,5,6
2024-04,颈部,10,吴璇,高级,0,2,2
2024-05,颈部,10,吴璇,高级,1,1,2
2024-06,颈部,10,吴璇,高级,0,9,9
2024-07,颈部,10,吴璇,高级,0,1,1
2024-08,颈部,10,吴璇,高级,1,6,7
2024-09,颈部,10,吴璇,高级,5,5,10
2024-10,颈部,10,吴璇,高级,2,2,4
2024-11,颈部,10,吴璇,高级,1,5,6
2024-12,颈部,10,吴璇,高级,0,4,4
2025-01,颈部,10,吴璇,高级,0,5,5
2025-02,颈部,10,吴璇,高级,0,9,9
2025-03,颈部,10,吴璇,高级,2,9,11
2025-04,颈部,10,吴璇,高级,0,4,4
2025-05,颈部,10,吴璇,高级,0,3,3
2025-06,颈部,10,吴璇,高级,1,1,2
2025-07,颈部,10,吴璇,高级,5,16,21
2025-08,颈部,10,吴璇,高级,2,8,10
2025-09,颈部,10,吴璇,高级,0,2,2
2025-10,颈部,10,吴璇,高级,0,4,4
2025-11,颈部,10,吴璇,高级,1,14,15
2025-12,颈部,10,吴璇,高级,2,11,13
2026-01,颈部,10,吴璇,高级,2,4,6
2026-02,颈部,10,吴璇,高级,2,4,6
2026-03,颈部,10,吴璇,高级,3,9,12
2026-04,颈部,10,吴璇,高级,2,9,11
2026-05,颈部,10,吴璇,高级,2,9,11
2026-06,颈部,10,吴璇,高级,0,6,6
2026-07,颈部,10,吴璇,高级,0,2,2
2024-01,颈部,11,张秋梅,中级,9,0,9
2024-02,颈部,11,张秋梅,中级,3,0,3
2024-03,颈部,11,张秋梅,中级,8,0,8
2024-04,颈部,11,张秋梅,中级,2,0,2
2024-05,颈部,11,张秋梅,中级,7,1,8
2024-06,颈部,11,张秋梅,中级,1,0,1
2024-07,颈部,11,张秋梅,中级,2,0,2
2024-08,颈部,11,张秋梅,中级,4,0,4
2024-09,颈部,11,张秋梅,中级,2,0,2
2024-10,颈部,11,张秋梅,中级,1,0,1
2024-11,颈部,11,张秋梅,中级,8,0,8
2025-02,颈部,11,张秋梅,中级,3,0,3
2025-03,颈部,11,张秋梅,中级,1,0,1
2025-04,颈部,11,张秋梅,中级,1,0,1
2025-05,颈部,11,张秋梅,中级,1,0,1
2025-06,颈部,11,张秋梅,中级,2,0,2
2025-08,颈部,11,张秋梅,中级,1,0,1
2025-12,颈部,11,张秋梅,中级,1,0,1
2026-01,颈部,11,张秋梅,中级,8,0,8
2026-02,颈部,11,张秋梅,中级,6,0,6
2026-03,颈部,11,张秋梅,中级,15,0,15
2026-04,颈部,11,张秋梅,中级,6,0,6
2024-01,颈部,12,刘慜思,中级,8,0,8
2024-02,颈部,12,刘慜思,中级,7,0,7
2024-03,颈部,12,刘慜思,中级,4,0,4
2024-04,颈部,12,刘慜思,中级,1,0,1
2024-05,颈部,12,刘慜思,中级,6,0,6
2024-06,颈部,12,刘慜思,中级,4,0,4
2024-08,颈部,12,刘慜思,中级,4,0,4
2024-09,颈部,12,刘慜思,中级,3,1,4
2024-11,颈部,12,刘慜思,中级,1,0,1
2024-12,颈部,12,刘慜思,中级,1,0,1
2025-01,颈部,12,刘慜思,中级,1,0,1
2025-03,颈部,12,刘慜思,中级,4,0,4
2025-04,颈部,12,刘慜思,中级,2,0,2
2025-05,颈部,12,刘慜思,中级,3,0,3
2025-07,颈部,12,刘慜思,中级,2,0,2
2025-08,颈部,12,刘慜思,中级,1,0,1
2025-12,颈部,12,刘慜思,中级,3,0,3
2026-01,颈部,12,刘慜思,中级,9,0,9
2026-02,颈部,12,刘慜思,中级,1,0,1
2026-03,颈部,12,刘慜思,中级,8,0,8
2026-04,颈部,12,刘慜思,中级,4,0,4
2024-01,颈部,13,康博,其它,6,0,6
2024-02,颈部,13,康博,其它,1,0,1
2024-03,颈部,13,康博,其它,4,0,4
2024-04,颈部,13,康博,其它,8,0,8
2024-06,颈部,13,康博,其它,7,0,7
2024-07,颈部,13,康博,其它,7,0,7
2024-08,颈部,13,康博,其它,8,0,8
2024-09,颈部,13,康博,其它,1,0,1
2024-10,颈部,13,康博,其它,2,0,2
2024-11,颈部,13,康博,其它,3,0,3
2024-12,颈部,13,康博,其它,2,0,2
2025-01,颈部,13,康博,其它,3,0,3
2025-02,颈部,13,康博,其它,4,0,4
2025-04,颈部,13,康博,其它,6,0,6
2025-05,颈部,13,康博,其它,2,0,2
2025-06,颈部,13,康博,其它,1,0,1
2025-07,颈部,13,康博,其它,5,1,6
2025-08,颈部,13,康博,其它,4,0,4
2025-09,颈部,13,康博,其它,4,0,4
2025-10,颈部,13,康博,其它,1,0,1
2026-02,颈部,13,康博,其它,4,0,4
2026-04,颈部,13,康博,其它,4,0,4
2026-05,颈部,13,康博,其它,4,0,4
2026-06,颈部,13,康博,其它,3,0,3
2026-07,颈部,13,康博,其它,1,0,1
2024-01,颈部,14,简乐诗,中级,5,0,5
2024-02,颈部,14,简乐诗,中级,3,0,3
2024-03,颈部,14,简乐诗,中级,13,0,13
2024-04,颈部,14,简乐诗,中级,13,0,13
2024-05,颈部,14,简乐诗,中级,3,0,3
2024-06,颈部,14,简乐诗,中级,8,0,8
2024-07,颈部,14,简乐诗,中级,4,0,4
2024-08,颈部,14,简乐诗,中级,6,0,6
2024-09,颈部,14,简乐诗,中级,5,0,5
2024-10,颈部,14,简乐诗,中级,4,0,4
2024-11,颈部,14,简乐诗,中级,2,0,2
2024-12,颈部,14,简乐诗,中级,1,0,1
2025-03,颈部,14,简乐诗,中级,3,0,3
2025-05,颈部,14,简乐诗,中级,2,0,2
2025-08,颈部,14,简乐诗,中级,4,1,5
2025-12,颈部,14,简乐诗,中级,1,1,2
2026-01,颈部,14,简乐诗,中级,9,8,17
2026-02,颈部,14,简乐诗,中级,3,3,6
2026-03,颈部,14,简乐诗,中级,14,15,29
2026-04,颈部,14,简乐诗,中级,8,9,17
2026-06,颈部,14,简乐诗,中级,0,4,4
2026-07,颈部,14,简乐诗,中级,1,2,3
2024-01,颈部,15,陈可欣,中级,10,0,10
2024-02,颈部,15,陈可欣,中级,1,0,1
2024-03,颈部,15,陈可欣,中级,10,0,10
2024-04,颈部,15,陈可欣,中级,15,0,15
2024-05,颈部,15,陈可欣,中级,3,0,3
2024-07,颈部,15,陈可欣,中级,2,0,2
2024-08,颈部,15,陈可欣,中级,3,1,4
2024-10,颈部,15,陈可欣,中级,5,0,5
2024-11,颈部,15,陈可欣,中级,2,0,2
2024-12,颈部,15,陈可欣,中级,8,1,9
2025-02,颈部,15,陈可欣,中级,4,0,4
2025-03,颈部,15,陈可欣,中级,1,0,1
2025-07,颈部,15,陈可欣,中级,2,0,2
2025-10,颈部,15,陈可欣,中级,3,0,3
2026-01,颈部,15,陈可欣,中级,10,8,18
2026-02,颈部,15,陈可欣,中级,6,6,12
2026-03,颈部,15,陈可欣,中级,4,9,13
2026-04,颈部,15,陈可欣,中级,3,6,9
2026-05,颈部,15,陈可欣,中级,2,6,8
2026-06,颈部,15,陈可欣,中级,0,9,9
2026-07,颈部,15,陈可欣,中级,1,7,8
2024-02,颈部,16,曲莹莹,中级,5,0,5
2024-04,颈部,16,曲莹莹,中级,7,0,7
2024-05,颈部,16,曲莹莹,中级,12,1,13
2024-06,颈部,16,曲莹莹,中级,7,0,7
2024-07,颈部,16,曲莹莹,中级,7,0,7
2024-08,颈部,16,曲莹莹,中级,3,0,3
2024-09,颈部,16,曲莹莹,中级,1,0,1
2024-10,颈部,16,曲莹莹,中级,9,0,9
2024-11,颈部,16,曲莹莹,中级,4,0,4
2025-01,颈部,16,曲莹莹,中级,2,0,2
2025-02,颈部,16,曲莹莹,中级,4,0,4
2025-03,颈部,16,曲莹莹,中级,6,0,6
2025-04,颈部,16,曲莹莹,中级,1,0,1
2025-07,颈部,16,曲莹莹,中级,4,0,4
2025-08,颈部,16,曲莹莹,中级,3,0,3
2025-12,颈部,16,曲莹莹,中级,2,0,2
2026-01,颈部,16,曲莹莹,中级,6,0,6
2026-02,颈部,16,曲莹莹,中级,7,0,7
2026-04,颈部,16,曲莹莹,中级,6,0,6
2026-05,颈部,16,曲莹莹,中级,1,0,1
2024-04,颈部,17,陶琼瑶,中级,2,0,2
2024-05,颈部,17,陶琼瑶,中级,9,0,9
2024-06,颈部,17,陶琼瑶,中级,5,0,5
2024-07,颈部,17,陶琼瑶,中级,9,0,9
2024-08,颈部,17,陶琼瑶,中级,6,0,6
2024-10,颈部,17,陶琼瑶,中级,8,0,8
2024-11,颈部,17,陶琼瑶,中级,2,0,2
2024-12,颈部,17,陶琼瑶,中级,1,0,1
2025-01,颈部,17,陶琼瑶,中级,6,0,6
2025-02,颈部,17,陶琼瑶,中级,9,0,9
2025-03,颈部,17,陶琼瑶,中级,4,0,4
2025-05,颈部,17,陶琼瑶,中级,5,1,6
2025-07,颈部,17,陶琼瑶,中级,1,0,1
2026-01,颈部,17,陶琼瑶,中级,10,0,10
2026-02,颈部,17,陶琼瑶,中级,1,0,1
2026-03,颈部,17,陶琼瑶,中级,6,0,6
2026-04,颈部,17,陶琼瑶,中级,5,0,5
2024-12,颈部,18,马萌,初级,19,1,20
2025-01,颈部,18,马萌,初级,8,0,8
2025-02,颈部,18,马萌,初级,3,0,3
2025-03,颈部,18,马萌,初级,6,0,6
2025-04,颈部,18,马萌,初级,15,0,15
2025-05,颈部,18,马萌,初级,14,0,14
2025-06,颈部,18,马萌,初级,17,0,17
2025-07,颈部,18,马萌,初级,23,0,23
2025-08,颈部,18,马萌,初级,7,0,7
2025-09,颈部,18,马萌,初级,13,0,13
2025-10,颈部,18,马萌,初级,11,0,11
2025-11,颈部,18,马萌,初级,8,0,8
2026-01,颈部,18,马萌,初级,3,0,3
2026-03,颈部,18,马萌,初级,7,0,7
2026-04,颈部,18,马萌,初级,7,0,7
2024-04,颈部,20,李铭婕,中级,4,2,6
2024-05,颈部,20,李铭婕,中级,11,0,11
2024-06,颈部,20,李铭婕,中级,17,0,17
2024-07,颈部,20,李铭婕,中级,10,0,10
2024-08,颈部,20,李铭婕,中级,19,0,19
2024-09,颈部,20,李铭婕,中级,2,0,2
2024-10,颈部,20,李铭婕,中级,10,0,10
2024-11,颈部,20,李铭婕,中级,4,0,4
2024-12,颈部,20,李铭婕,中级,7,1,8
2025-01,颈部,20,李铭婕,中级,4,0,4
2025-02,颈部,20,李铭婕,中级,6,0,6
2025-03,颈部,20,李铭婕,中级,5,0,5
2025-08,颈部,20,李铭婕,中级,3,1,4
2025-10,颈部,20,李铭婕,中级,3,0,3
2025-11,颈部,20,李铭婕,中级,1,0,1
2025-12,颈部,20,李铭婕,中级,3,0,3
2026-01,颈部,20,李铭婕,中级,7,0,7
2026-03,颈部,20,李铭婕,中级,7,1,8
2026-04,颈部,20,李铭婕,中级,8,1,9
2025-02,颈部,21,王兆雪,初级,3,0,3
2025-03,颈部,21,王兆雪,初级,3,0,3
2025-04,颈部,21,王兆雪,初级,4,0,4
2025-05,颈部,21,王兆雪,初级,9,0,9
2025-06,颈部,21,王兆雪,初级,6,0,6
2025-08,颈部,21,王兆雪,初级,13,0,13
2025-09,颈部,21,王兆雪,初级,8,1,9
2025-10,颈部,21,王兆雪,初级,14,0,14
2025-11,颈部,21,王兆雪,初级,9,0,9
2025-12,颈部,21,王兆雪,初级,4,0,4
2026-01,颈部,21,王兆雪,初级,1,0,1
2026-02,颈部,21,王兆雪,初级,3,0,3
2026-03,颈部,21,王兆雪,初级,7,0,7
2026-04,颈部,21,王兆雪,初级,2,0,2
2025-01,颈部,22,冯军利,初级,7,0,7
2025-02,颈部,22,冯军利,初级,12,1,13
2025-03,颈部,22,冯军利,初级,8,0,8
2025-04,颈部,22,冯军利,初级,17,0,17
2025-05,颈部,22,冯军利,初级,12,0,12
2025-06,颈部,22,冯军利,初级,10,1,11
2025-07,颈部,22,冯军利,初级,7,0,7
2025-08,颈部,22,冯军利,初级,5,0,5
2025-09,颈部,22,冯军利,初级,7,0,7
2025-10,颈部,22,冯军利,初级,7,0,7
2025-11,颈部,22,冯军利,初级,3,0,3
2025-12,颈部,22,冯军利,初级,2,0,2
2026-03,颈部,22,冯军利,初级,2,0,2
2026-04,颈部,22,冯军利,初级,3,0,3
2025-09,颈部,23,张若邈,初级,5,0,5
2025-10,颈部,23,张若邈,初级,14,0,14
2025-11,颈部,23,张若邈,初级,17,1,18
2025-12,颈部,23,张若邈,初级,12,0,12
2026-02,颈部,23,张若邈,初级,1,0,1
2026-04,颈部,23,张若邈,初级,3,0,3
2024-12,颈部,24,江蓝,初级,2,0,2
2025-02,颈部,24,江蓝,初级,1,0,1
2025-04,颈部,24,江蓝,初级,7,0,7
2025-05,颈部,24,江蓝,初级,2,0,2
2025-06,颈部,24,江蓝,初级,5,0,5
2025-07,颈部,24,江蓝,初级,8,0,8
2025-08,颈部,24,江蓝,初级,6,0,6
2025-09,颈部,24,江蓝,初级,7,0,7
2025-10,颈部,24,江蓝,初级,15,2,17
2025-11,颈部,24,江蓝,初级,2,0,2
2025-12,颈部,24,江蓝,初级,15,0,15
2026-03,颈部,24,江蓝,初级,1,0,1
2026-04,颈部,24,江蓝,初级,6,0,6
2025-07,颈部,25,刘坤,初级,4,0,4
2025-08,颈部,25,刘坤,初级,13,1,14
2025-09,颈部,25,刘坤,初级,7,0,7
2025-10,颈部,25,刘坤,初级,7,0,7
2025-11,颈部,25,刘坤,初级,26,0,26
2025-12,颈部,25,刘坤,初级,12,0,12
2026-01,颈部,25,刘坤,初级,3,0,3
2026-02,颈部,25,刘坤,初级,6,0,6
2026-03,颈部,25,刘坤,初级,4,0,4
2026-05,颈部,25,刘坤,初级,1,0,1
2026-06,颈部,25,刘坤,初级,3,0,3
2026-07,颈部,25,刘坤,初级,6,0,6
2026-04,颈部,26,袁芳,预备,6,0,6
2026-05,颈部,26,袁芳,预备,1,0,1
2026-06,颈部,26,袁芳,预备,7,0,7
2026-07,颈部,26,袁芳,预备,2,0,2
2026-04,颈部,27,戴睿,预备,2,0,2
2026-05,颈部,27,戴睿,预备,6,1,7
2026-06,颈部,27,戴睿,预备,3,0,3
2026-07,颈部,27,戴睿,预备,31,2,33
2026-05,颈部,28,于丛爽,预备,15,0,15
2026-06,颈部,28,于丛爽,预备,13,0,13
2026-07,颈部,28,于丛爽,预备,2,0,2
2026-05,颈部,29,冯芷珊,预备,3,0,3
2026-06,颈部,29,冯芷珊,预备,8,0,8
2026-07,颈部,29,冯芷珊,预备,4,0,4
2026-05,颈部,30,付诗懿,预备,3,1,4
2026-06,颈部,30,付诗懿,预备,9,0,9
2026-07,颈部,30,付诗懿,预备,1,0,1
2026-05,颈部,31,刘亦婷,预备,5,0,5
2026-06,颈部,31,刘亦婷,预备,3,0,3
2024-01,颈部,,傅梦竹,未登记,0,2,2
2024-02,颈部,,傅梦竹,未登记,0,4,4
2024-03,颈部,,傅梦竹,未登记,2,8,10
2024-04,颈部,,傅梦竹,未登记,1,2,3
2024-05,颈部,,傅梦竹,未登记,2,2,4
2024-06,颈部,,傅梦竹,未登记,0,1,1
2024-07,颈部,,傅梦竹,未登记,1,0,1
2024-08,颈部,,傅梦竹,未登记,1,1,2
2024-10,颈部,,傅梦竹,未登记,0,2,2
2024-11,颈部,,傅梦竹,未登记,0,1,1
2024-01,颈部,,张静,未登记,4,0,4
2024-02,颈部,,张静,未登记,10,0,10
2024-03,颈部,,张静,未登记,3,0,3
2026-03,颈部,,彭涛,未登记,2,0,2
2026-06,颈部,,彭涛,未登记,3,0,3
2024-01,颈部,,郭瑞泽,未登记,5,0,5
2024-02,颈部,,郭瑞泽,未登记,6,0,6
2024-03,颈部,,郭瑞泽,未登记,9,0,9
2024-04,颈部,,郭瑞泽,未登记,3,0,3
2026-05,颈部,,马龙,未登记,9,0,9
2024-06,体表肿物,04,白璐,高级,0,1,1
2024-06,体表肿物,05,周媛媛,高级,0,1,1
2025-01,体表肿物,07,苏畅,高级,0,1,1
2024-06,体表肿物,14,简乐诗,中级,1,0,1
2024-06,体表肿物,16,曲莹莹,中级,1,0,1
2025-01,体表肿物,22,冯军利,初级,1,0,1
